,0,1,2,3,4,5,6,7,8,9,10,11,12,13,14,15,16,17,18,19,20,21,22,23,24,25,26,27,28,29,30,31,32,33,34,35,36,37,38,39,40,41,42,43,44,45,46,47,48,49,50
0,0.3263447458729884,0.0,0.0,0.0,0.0,1.0,0.0,0.0,0.0,0.0,0.0,-0.304987248595595,0.0,0.0,0.0,0.0,0.0,1.0,0.0,0.0,0.0,0.0,-0.09347903250495448,1.0,0.0,0.0,0.0,0.0,0.0,0.0,-0.28141397307268556,1.0,0.0,0.0,0.0,0.0,0.0,0.0,-0.0019258297911291537,0.0,1.0,0.0,0.0,0.0,0.0,0.0,0.0023422863581291447,1.0,0.0,0.0,0.0
1,0.008839718408939181,0.0,0.0,0.0,0.0,0.0,0.0,0.0,0.0,0.0,1.0,0.04899501061543366,0.0,0.0,0.0,0.0,1.0,0.0,0.0,0.0,0.0,0.0,-0.07527714356995148,1.0,0.0,0.0,0.0,0.0,0.0,0.0,0.13315573127426952,0.0,0.0,0.0,0.0,1.0,0.0,0.0,-0.0019258297911291537,0.0,1.0,0.0,0.0,0.0,0.0,0.0,0.0023422863581291447,1.0,0.0,0.0,0.0
2,0.01235296386794874,0.0,0.0,0.0,0.0,0.0,0.0,0.0,0.0,0.0,1.0,0.0027343957515785218,0.0,0.0,0.0,0.0,0.0,0.0,1.0,0.0,0.0,0.0,0.22732985372477726,0.0,0.0,0.0,1.0,0.0,0.0,0.0,0.13936236718537595,0.0,0.0,0.0,0.0,1.0,0.0,0.0,-0.0019258297911291537,0.0,1.0,0.0,0.0,0.0,0.0,0.0,-0.2353106011496276,0.0,1.0,0.0,0.0
3,0.023188152952982287,0.0,0.0,0.0,0.0,0.0,0.0,0.0,0.0,0.0,1.0,-0.1805397372109754,0.0,0.0,0.0,1.0,0.0,0.0,0.0,0.0,0.0,0.0,-0.3259208623667502,0.0,0.0,0.0,0.0,1.0,0.0,0.0,0.0077123476954626515,0.0,1.0,0.0,0.0,0.0,0.0,0.0,0.004223961620334448,0.0,0.0,0.0,1.0,0.0,0.0,0.0,-0.35936786237685986,0.0,1.0,0.0,0.0
4,0.024002545720576376,0.0,0.0,0.0,0.0,0.0,0.0,0.0,0.0,0.0,1.0,-0.18332531070343835,0.0,0.0,0.0,1.0,0.0,0.0,0.0,0.0,0.0,0.0,-0.3259208623667502,0.0,0.0,0.0,0.0,1.0,0.0,0.0,-0.07977598636409583,0.0,1.0,0.0,0.0,0.0,0.0,0.0,-0.06496596619409094,0.0,0.0,0.0,0.0,0.0,1.0,0.0,-0.35936786237685986,0.0,1.0,0.0,0.0
5,0.3482208499352796,0.0,0.0,0.0,0.0,1.0,0.0,0.0,0.0,0.0,0.0,-0.22737450962624317,0.0,0.0,0.0,0.0,0.0,1.0,0.0,0.0,0.0,0.0,-0.0283853894975267,0.0,0.0,0.0,0.0,0.0,0.0,1.0,0.1555254044372903,0.0,0.0,1.0,0.0,0.0,0.0,0.0,-0.0019258297911291537,0.0,1.0,0.0,0.0,0.0,0.0,0.0,-0.2353106011496276,0.0,1.0,0.0,0.0
6,0.03946932797642002,0.0,0.0,0.0,0.0,0.0,0.0,0.0,0.0,0.0,1.0,-0.266194179776638,0.0,0.0,0.0,0.0,0.0,1.0,0.0,0.0,0.0,0.0,0.21420112812502762,0.0,0.0,0.0,0.0,0.0,0.0,1.0,-0.11087249083881334,1.0,0.0,0.0,0.0,0.0,0.0,0.0,-0.0019258297911291537,0.0,1.0,0.0,0.0,0.0,0.0,0.0,-0.2353106011496276,0.0,1.0,0.0,0.0
7,0.3535444162106987,0.0,0.0,0.0,0.0,1.0,0.0,0.0,0.0,0.0,0.0,-0.34264777821394343,0.0,0.0,0.0,0.0,0.0,1.0,0.0,0.0,0.0,0.0,0.21420112812502762,0.0,0.0,0.0,0.0,0.0,0.0,1.0,-0.04605694222022607,0.0,0.0,1.0,0.0,0.0,0.0,0.0,-0.0019258297911291537,0.0,1.0,0.0,0.0,0.0,0.0,0.0,-0.2353106011496276,0.0,1.0,0.0,0.0
8,0.06236949388278691,0.0,0.0,0.0,0.0,0.0,0.0,0.0,0.0,0.0,1.0,0.32975588995054345,1.0,0.0,0.0,0.0,0.0,0.0,0.0,0.0,0.0,0.0,-0.32694501372620743,0.0,0.0,0.0,1.0,0.0,0.0,0.0,0.12177689877057421,0.0,0.0,0.0,0.0,1.0,0.0,0.0,-0.0019258297911291537,0.0,1.0,0.0,0.0,0.0,0.0,0.0,0.0023422863581291447,1.0,0.0,0.0,0.0
9,0.0781001491121724,0.0,0.0,0.0,0.0,0.0,0.0,0.0,0.0,0.0,1.0,-0.37884957890569926,0.0,0.0,0.0,0.0,0.0,1.0,0.0,0.0,0.0,0.0,0.0218160673235743,1.0,0.0,0.0,0.0,0.0,0.0,0.0,0.11867358081502082,0.0,0.0,0.0,0.0,1.0,0.0,0.0,-0.0019258297911291537,0.0,1.0,0.0,0.0,0.0,0.0,0.0,0.0023422863581291447,1.0,0.0,0.0,0.0
10,0.4180930591711929,0.0,0.0,0.0,0.0,0.0,0.0,1.0,0.0,0.0,0.0,0.09649179055891252,1.0,0.0,0.0,0.0,0.0,0.0,0.0,0.0,0.0,0.0,0.0218160673235743,1.0,0.0,0.0,0.0,0.0,0.0,0.0,0.07626156875579261,0.0,0.0,0.0,0.0,1.0,0.0,0.0,-0.0019258297911291537,0.0,1.0,0.0,0.0,0.0,0.0,0.0,-0.2353106011496276,0.0,1.0,0.0,0.0
11,0.08506894628453796,0.0,0.0,0.0,0.0,0.0,0.0,0.0,0.0,0.0,1.0,0.10404923296585569,1.0,0.0,0.0,0.0,0.0,0.0,0.0,0.0,0.0,0.0,0.0218160673235743,1.0,0.0,0.0,0.0,0.0,0.0,0.0,0.048331707155813114,0.0,0.0,0.0,0.0,1.0,0.0,0.0,-0.0019258297911291537,0.0,1.0,0.0,0.0,0.0,0.0,0.0,0.0023422863581291447,1.0,0.0,0.0,0.0
12,0.09148540175509379,0.0,0.0,0.0,0.0,0.0,0.0,0.0,0.0,0.0,1.0,-0.22104934961310285,0.0,0.0,0.0,0.0,0.0,1.0,0.0,0.0,0.0,0.0,0.05867466543321386,1.0,0.0,0.0,0.0,0.0,0.0,0.0,0.11557026285946742,0.0,0.0,0.0,0.0,1.0,0.0,0.0,-0.0019258297911291537,0.0,1.0,0.0,0.0,0.0,0.0,0.0,0.0023422863581291447,1.0,0.0,0.0,0.0
13,0.13078364843267012,0.0,0.0,0.0,0.0,0.0,0.0,0.0,0.0,0.0,1.0,-0.06429683129885524,0.0,0.0,0.0,0.0,0.0,1.0,0.0,0.0,0.0,0.0,0.01319196824446401,0.0,0.0,0.0,0.0,0.0,0.0,1.0,-0.04580227082930314,0.0,0.0,0.0,0.0,1.0,0.0,0.0,-0.0019258297911291537,0.0,1.0,0.0,0.0,0.0,0.0,0.0,0.0023422863581291447,1.0,0.0,0.0,0.0
14,0.1386952828695322,0.0,0.0,0.0,0.0,0.0,0.0,0.0,0.0,0.0,1.0,0.0027343957515785218,0.0,0.0,0.0,0.0,0.0,0.0,1.0,0.0,0.0,0.0,0.05860980576961552,1.0,0.0,0.0,0.0,0.0,0.0,0.0,-0.32947479408895325,0.0,0.0,0.0,1.0,0.0,0.0,0.0,-0.0019258297911291537,0.0,1.0,0.0,0.0,0.0,0.0,0.0,0.0023422863581291447,1.0,0.0,0.0,0.0
15,0.4360106691236223,0.0,0.0,0.0,0.0,1.0,0.0,0.0,0.0,0.0,0.0,0.030626701892005826,0.0,0.0,0.0,0.0,0.0,0.0,0.0,0.0,0.0,1.0,-0.13590909076633767,1.0,0.0,0.0,0.0,0.0,0.0,0.0,-0.48230091477877723,1.0,0.0,0.0,0.0,0.0,0.0,0.0,-0.0019258297911291537,0.0,1.0,0.0,0.0,0.0,0.0,0.0,-0.2353106011496276,0.0,1.0,0.0,0.0
16,0.1689811591734349,0.0,0.0,0.0,0.0,0.0,0.0,0.0,0.0,0.0,1.0,-0.24456013177265132,1.0,0.0,0.0,0.0,0.0,0.0,0.0,0.0,0.0,0.0,0.09659114242534592,0.0,0.0,0.0,1.0,0.0,0.0,0.0,0.09798479444466568,0.0,0.0,0.0,0.0,1.0,0.0,0.0,-0.0019258297911291537,0.0,1.0,0.0,0.0,0.0,0.0,0.0,0.0023422863581291447,1.0,0.0,0.0,0.0
17,0.4649983233013035,0.0,0.0,0.0,0.0,1.0,0.0,0.0,0.0,0.0,0.0,-0.17795345299710189,0.0,0.0,0.0,0.0,0.0,0.0,0.0,0.0,0.0,1.0,0.0028857236052958466,1.0,0.0,0.0,0.0,0.0,0.0,0.0,-0.3688088963526771,1.0,0.0,0.0,0.0,0.0,0.0,0.0,-0.0019258297911291537,0.0,1.0,0.0,0.0,0.0,0.0,0.0,0.0023422863581291447,1.0,0.0,0.0,0.0
18,0.21464636616082217,0.0,0.0,0.0,0.0,0.0,0.0,0.0,0.0,0.0,1.0,-0.10756535288985274,1.0,0.0,0.0,0.0,0.0,0.0,0.0,0.0,0.0,0.0,-0.5422090405337615,0.0,0.0,0.0,0.0,0.0,0.0,1.0,-0.29962124875601714,1.0,0.0,0.0,0.0,0.0,0.0,0.0,-0.0019258297911291537,0.0,1.0,0.0,0.0,0.0,0.0,0.0,0.0023422863581291447,1.0,0.0,0.0,0.0
19,0.2171918749493163,0.0,0.0,0.0,0.0,0.0,0.0,0.0,0.0,0.0,1.0,-0.2385368819823296,0.0,0.0,0.0,0.0,0.0,1.0,0.0,0.0,0.0,0.0,0.04302231807752212,1.0,0.0,0.0,0.0,0.0,0.0,0.0,0.022470724192869093,0.0,0.0,0.0,0.0,1.0,0.0,0.0,-0.0019258297911291537,0.0,1.0,0.0,0.0,0.0,0.0,0.0,0.0023422863581291447,1.0,0.0,0.0,0.0
20,0.2393760311069931,0.0,0.0,0.0,0.0,0.0,0.0,0.0,0.0,0.0,1.0,-0.22643294524094906,0.0,0.0,0.0,0.0,0.0,1.0,0.0,0.0,0.0,0.0,0.050713028861673226,1.0,0.0,0.0,0.0,0.0,0.0,0.0,-0.016837969910806085,0.0,0.0,0.0,0.0,1.0,0.0,0.0,-0.0019258297911291537,0.0,1.0,0.0,0.0,0.0,0.0,0.0,0.0023422863581291447,1.0,0.0,0.0,0.0
21,0.515541406135891,0.0,0.0,0.0,0.0,0.0,0.0,1.0,0.0,0.0,0.0,-0.2460259119205292,0.0,0.0,0.0,0.0,0.0,1.0,0.0,0.0,0.0,0.0,-0.18879529018147972,0.0,0.0,0.0,1.0,0.0,0.0,0.0,-0.3232907071443482,1.0,0.0,0.0,0.0,0.0,0.0,0.0,-0.0019258297911291537,0.0,1.0,0.0,0.0,0.0,0.0,0.0,-0.2353106011496276,0.0,1.0,0.0,0.0
22,0.32596098267611495,0.0,0.0,0.0,0.0,0.0,0.0,0.0,0.0,0.0,1.0,-0.041379811613868625,0.0,0.0,0.0,0.0,1.0,0.0,0.0,0.0,0.0,0.0,-0.5965453674445549,0.0,0.0,0.0,0.0,0.0,0.0,1.0,0.4430784895360181,0.0,0.0,0.0,0.0,0.0,1.0,0.0,-0.0019258297911291537,0.0,1.0,0.0,0.0,0.0,0.0,0.0,0.0023422863581291447,1.0,0.0,0.0,0.0
23,0.32794200371108284,0.0,0.0,0.0,0.0,0.0,0.0,0.0,0.0,0.0,1.0,-0.004429244710428738,0.0,0.0,0.0,0.0,0.0,0.0,0.0,1.0,0.0,0.0,0.6491906013127798,1.0,0.0,0.0,0.0,0.0,0.0,0.0,-0.02925124173301895,0.0,0.0,0.0,0.0,1.0,0.0,0.0,-0.0019258297911291537,0.0,1.0,0.0,0.0,0.0,0.0,0.0,0.0023422863581291447,1.0,0.0,0.0,0.0
24,0.3446142815997932,0.0,0.0,0.0,0.0,0.0,0.0,0.0,0.0,0.0,1.0,-0.18707687979871648,0.0,0.0,0.0,0.0,0.0,0.0,0.0,0.0,0.0,1.0,0.29262105942005545,0.0,0.0,0.0,0.0,0.0,0.0,1.0,-0.016837969910806085,0.0,0.0,0.0,0.0,1.0,0.0,0.0,-0.0019258297911291537,0.0,1.0,0.0,0.0,0.0,0.0,0.0,-0.2353106011496276,0.0,1.0,0.0,0.0
25,0.3462834527569389,0.0,0.0,0.0,0.0,0.0,0.0,0.0,0.0,0.0,1.0,0.0027343957515785218,0.0,0.0,0.0,0.0,0.0,0.0,1.0,0.0,0.0,0.0,0.43034272079883035,0.0,0.0,0.0,0.0,1.0,0.0,0.0,0.01626408828176229,0.0,0.0,0.0,0.0,1.0,0.0,0.0,-0.0019258297911291537,0.0,1.0,0.0,0.0,0.0,0.0,0.0,-0.2353106011496276,0.0,1.0,0.0,0.0
26,0.5659437399690733,0.0,0.0,0.0,0.0,1.0,0.0,0.0,0.0,0.0,0.0,-0.11558879705881947,1.0,0.0,0.0,0.0,0.0,0.0,0.0,0.0,0.0,0.0,-0.40524817360201976,0.0,0.0,0.0,0.0,0.0,1.0,0.0,0.18073993992608625,0.0,0.0,0.0,0.0,1.0,0.0,0.0,-0.0019258297911291537,0.0,1.0,0.0,0.0,0.0,0.0,0.0,-0.2353106011496276,0.0,1.0,0.0,0.0
27,0.5802452160373016,0.0,0.0,0.0,0.0,0.0,0.0,1.0,0.0,0.0,0.0,0.05053017754050357,0.0,0.0,0.0,0.0,0.0,1.0,0.0,0.0,0.0,0.0,0.12189307355338803,1.0,0.0,0.0,0.0,0.0,0.0,0.0,0.03798731397063536,0.0,0.0,0.0,0.0,1.0,0.0,0.0,-0.0019258297911291537,0.0,1.0,0.0,0.0,0.0,0.0,0.0,0.0023422863581291447,1.0,0.0,0.0,0.0
28,0.5722244781732602,0.0,0.0,0.0,0.0,1.0,0.0,0.0,0.0,0.0,0.0,-0.05461034826147107,0.0,0.0,0.0,0.0,0.0,0.0,1.0,0.0,0.0,0.0,0.4939038057704064,0.0,0.0,0.0,0.0,0.0,0.0,1.0,-0.3427118012065686,1.0,0.0,0.0,0.0,0.0,0.0,0.0,-0.0019258297911291537,0.0,1.0,0.0,0.0,0.0,0.0,0.0,0.0023422863581291447,1.0,0.0,0.0,0.0
29,0.36672799065751405,0.0,0.0,0.0,0.0,0.0,0.0,0.0,0.0,0.0,1.0,-0.1165816970950651,0.0,0.0,0.0,0.0,0.0,1.0,0.0,0.0,0.0,0.0,0.045605969920752075,1.0,0.0,0.0,0.0,0.0,0.0,0.0,0.15694783560017808,0.0,0.0,0.0,0.0,1.0,0.0,0.0,-0.0019258297911291537,0.0,1.0,0.0,0.0,0.0,0.0,0.0,0.0023422863581291447,1.0,0.0,0.0,0.0
30,0.582826645709611,0.0,0.0,0.0,0.0,1.0,0.0,0.0,0.0,0.0,0.0,0.13400827488602787,1.0,0.0,0.0,0.0,0.0,0.0,0.0,0.0,0.0,0.0,-0.20155419335356298,1.0,0.0,0.0,0.0,0.0,0.0,0.0,0.14453456377796484,0.0,0.0,0.0,0.0,1.0,0.0,0.0,-0.0019258297911291537,0.0,1.0,0.0,0.0,0.0,0.0,0.0,0.0023422863581291447,1.0,0.0,0.0,0.0
31,0.5866524190255947,0.0,0.0,0.0,0.0,1.0,0.0,0.0,0.0,0.0,0.0,-0.28660239273413196,0.0,0.0,0.0,0.0,0.0,0.0,0.0,0.0,0.0,1.0,0.22136176335593408,1.0,0.0,0.0,0.0,0.0,0.0,0.0,0.4603889569676367,0.0,0.0,0.0,0.0,0.0,1.0,0.0,-0.0019258297911291537,0.0,1.0,0.0,0.0,0.0,0.0,0.0,0.0023422863581291447,1.0,0.0,0.0,0.0
32,-0.01811367854150855,0.0,0.0,1.0,0.0,0.0,0.0,0.0,0.0,0.0,0.0,0.18169764888416418,0.0,0.0,0.0,1.0,0.0,0.0,0.0,0.0,0.0,0.0,-0.0283853894975267,0.0,0.0,0.0,0.0,0.0,0.0,1.0,-0.18491541195102829,1.0,0.0,0.0,0.0,0.0,0.0,0.0,0.0018303273015054932,0.0,0.0,0.0,0.0,1.0,0.0,0.0,-0.2353106011496276,0.0,1.0,0.0,0.0
33,-0.01524213689689943,0.0,0.0,1.0,0.0,0.0,0.0,0.0,0.0,0.0,0.0,0.006163430332027919,0.0,0.0,0.0,1.0,0.0,0.0,0.0,0.0,0.0,0.0,-0.0283853894975267,0.0,0.0,0.0,0.0,0.0,0.0,1.0,0.32764876597183973,0.0,1.0,0.0,0.0,0.0,0.0,0.0,0.004223961620334448,0.0,0.0,0.0,1.0,0.0,0.0,0.0,-0.2353106011496276,0.0,1.0,0.0,0.0
34,-0.010064240139764988,0.0,0.0,1.0,0.0,0.0,0.0,0.0,0.0,0.0,0.0,0.12707287968366882,0.0,0.0,0.0,0.0,0.0,0.0,1.0,0.0,0.0,0.0,0.06524959282926546,0.0,0.0,0.0,0.0,0.0,1.0,0.0,0.4395941439872442,1.0,0.0,0.0,0.0,0.0,0.0,0.0,-0.0019258297911291537,0.0,1.0,0.0,0.0,0.0,0.0,0.0,-0.2353106011496276,0.0,1.0,0.0,0.0
35,0.0018922462836398802,0.0,0.0,1.0,0.0,0.0,0.0,0.0,0.0,0.0,0.0,0.21910437934416158,0.0,1.0,0.0,0.0,0.0,0.0,0.0,0.0,0.0,0.0,-0.0283853894975267,0.0,0.0,0.0,0.0,0.0,0.0,1.0,-0.5670018132815531,0.0,1.0,0.0,0.0,0.0,0.0,0.0,-0.0019258297911291537,0.0,1.0,0.0,0.0,0.0,0.0,0.0,-0.2353106011496276,0.0,1.0,0.0,0.0
36,0.007044966881501382,0.0,0.0,1.0,0.0,0.0,0.0,0.0,0.0,0.0,0.0,-0.17014548371998026,0.0,0.0,0.0,1.0,0.0,0.0,0.0,0.0,0.0,0.0,-0.30075616171138136,0.0,0.0,0.0,0.0,1.0,0.0,0.0,0.27092133293052967,0.0,0.0,0.0,1.0,0.0,0.0,0.0,-0.0019258297911291537,0.0,1.0,0.0,0.0,0.0,0.0,0.0,-0.2353106011496276,0.0,1.0,0.0,0.0
37,0.013036892788460848,0.0,0.0,1.0,0.0,0.0,0.0,0.0,0.0,0.0,0.0,0.0027343957515785218,0.0,0.0,0.0,0.0,0.0,0.0,1.0,0.0,0.0,0.0,-0.1637816110103332,0.0,0.0,0.0,0.0,1.0,0.0,0.0,0.30828078356555266,0.0,0.0,0.0,1.0,0.0,0.0,0.0,-0.0019258297911291537,0.0,1.0,0.0,0.0,0.0,0.0,0.0,-0.2353106011496276,0.0,1.0,0.0,0.0
38,0.01754123606707579,0.0,0.0,1.0,0.0,0.0,0.0,0.0,0.0,0.0,0.0,-0.06031879676899491,0.0,1.0,0.0,0.0,0.0,0.0,0.0,0.0,0.0,0.0,0.07626830317603892,0.0,0.0,0.0,1.0,0.0,0.0,0.0,-0.12553348325717034,0.0,1.0,0.0,0.0,0.0,0.0,0.0,0.004223961620334448,0.0,0.0,0.0,1.0,0.0,0.0,0.0,-0.35936786237685986,0.0,1.0,0.0,0.0
39,0.02166246387849384,0.0,0.0,1.0,0.0,0.0,0.0,0.0,0.0,0.0,0.0,-0.1257205289149553,1.0,0.0,0.0,0.0,0.0,0.0,0.0,0.0,0.0,0.0,-0.2597130962536909,1.0,0.0,0.0,0.0,0.0,0.0,0.0,0.5476239797083449,1.0,0.0,0.0,0.0,0.0,0.0,0.0,-0.0019258297911291537,0.0,1.0,0.0,0.0,0.0,0.0,0.0,-0.2353106011496276,0.0,1.0,0.0,0.0
40,0.04391052636642792,0.0,0.0,1.0,0.0,0.0,0.0,0.0,0.0,0.0,0.0,0.5370505320151484,0.0,0.0,0.0,0.0,0.0,0.0,0.0,0.0,0.0,1.0,-0.0283853894975267,0.0,0.0,0.0,0.0,0.0,0.0,1.0,-0.10269643334778006,0.0,0.0,0.0,0.0,1.0,0.0,0.0,-0.0019258297911291537,0.0,1.0,0.0,0.0,0.0,0.0,0.0,-0.2353106011496276,0.0,1.0,0.0,0.0
41,0.04628985585365741,0.0,0.0,1.0,0.0,0.0,0.0,0.0,0.0,0.0,0.0,-0.3601879897636131,0.0,0.0,0.0,0.0,0.0,1.0,0.0,0.0,0.0,0.0,0.023587019089746742,0.0,0.0,0.0,0.0,0.0,0.0,1.0,-0.09959311539222665,0.0,0.0,0.0,0.0,1.0,0.0,0.0,-0.0019258297911291537,0.0,1.0,0.0,0.0,0.0,0.0,0.0,0.0023422863581291447,1.0,0.0,0.0,0.0
42,0.06338811671871815,0.0,0.0,1.0,0.0,0.0,0.0,0.0,0.0,0.0,0.0,0.06214249207307897,0.0,0.0,0.0,0.0,0.0,1.0,0.0,0.0,0.0,0.0,-0.0283853894975267,0.0,0.0,0.0,0.0,0.0,0.0,1.0,0.3868194703832578,0.0,0.0,0.0,0.0,0.0,1.0,0.0,-0.0019258297911291537,0.0,1.0,0.0,0.0,0.0,0.0,0.0,0.0023422863581291447,1.0,0.0,0.0,0.0
43,0.07154300309190924,0.0,0.0,1.0,0.0,0.0,0.0,0.0,0.0,0.0,0.0,0.1318962257779392,1.0,0.0,0.0,0.0,0.0,0.0,0.0,0.0,0.0,0.0,0.11842350792917558,1.0,0.0,0.0,0.0,0.0,0.0,0.0,-0.007528016044145883,0.0,0.0,0.0,0.0,1.0,0.0,0.0,-0.0019258297911291537,0.0,1.0,0.0,0.0,0.0,0.0,0.0,-0.2353106011496276,0.0,1.0,0.0,0.0
44,0.07463711657936609,0.0,0.0,1.0,0.0,0.0,0.0,0.0,0.0,0.0,0.0,-0.057979343011022165,0.0,0.0,0.0,0.0,0.0,1.0,0.0,0.0,0.0,0.0,0.11842350792917558,1.0,0.0,0.0,0.0,0.0,0.0,0.0,-0.04683671014782106,0.0,0.0,0.0,0.0,1.0,0.0,0.0,-0.0019258297911291537,0.0,1.0,0.0,0.0,0.0,0.0,0.0,0.0023422863581291447,1.0,0.0,0.0,0.0
45,0.20630301720637975,0.0,1.0,0.0,0.0,0.0,0.0,0.0,0.0,0.0,0.0,-0.17634600405013715,0.0,0.0,0.0,1.0,0.0,0.0,0.0,0.0,0.0,0.0,-0.00030671927447141885,0.0,0.0,0.0,0.0,0.0,0.0,1.0,-0.018622294043266794,1.0,0.0,0.0,0.0,0.0,0.0,0.0,0.0018303273015054932,0.0,0.0,0.0,0.0,1.0,0.0,0.0,-0.005131164253307238,0.0,0.0,0.0,1.0
46,0.21289415007127913,0.0,1.0,0.0,0.0,0.0,0.0,0.0,0.0,0.0,0.0,0.0027343957515785218,0.0,0.0,0.0,0.0,0.0,0.0,1.0,0.0,0.0,0.0,0.2380711413617874,0.0,0.0,0.0,0.0,0.0,0.0,1.0,-0.2065301567798685,0.0,0.0,0.0,0.0,0.0,0.0,1.0,-0.31086606729993926,0.0,0.0,0.0,0.0,0.0,1.0,0.0,0.19888981314568524,0.0,1.0,0.0,0.0
47,0.3028077686072527,0.0,0.0,0.0,0.0,0.0,0.0,0.0,0.0,1.0,0.0,-0.029528934274649372,0.0,0.0,0.0,0.0,1.0,0.0,0.0,0.0,0.0,0.0,-0.17271918207419876,1.0,0.0,0.0,0.0,0.0,0.0,0.0,-0.13757649517436638,1.0,0.0,0.0,0.0,0.0,0.0,0.0,0.0018303273015054932,0.0,0.0,0.0,0.0,1.0,0.0,0.0,-0.005131164253307238,0.0,0.0,0.0,1.0
48,-0.3301065784573486,0.0,0.0,0.0,0.0,1.0,0.0,0.0,0.0,0.0,0.0,0.004021715628203836,0.0,0.0,0.0,0.0,1.0,0.0,0.0,0.0,0.0,0.0,-0.2708291243521297,0.0,0.0,0.0,1.0,0.0,0.0,0.0,0.020703084204524783,0.0,0.0,0.0,0.0,0.0,1.0,0.0,-0.0019258297911291537,0.0,1.0,0.0,0.0,0.0,0.0,0.0,0.0023422863581291447,1.0,0.0,0.0,0.0
49,0.233904045543147,0.0,1.0,0.0,0.0,0.0,0.0,0.0,0.0,0.0,0.0,0.0027343957515785218,0.0,0.0,0.0,0.0,0.0,0.0,1.0,0.0,0.0,0.0,0.09357329372895548,0.0,0.0,0.0,1.0,0.0,0.0,0.0,-0.22554807280568565,0.0,0.0,1.0,0.0,0.0,0.0,0.0,-0.0019258297911291537,0.0,1.0,0.0,0.0,0.0,0.0,0.0,0.0023422863581291447,1.0,0.0,0.0,0.0
50,0.23542718987415315,0.0,1.0,0.0,0.0,0.0,0.0,0.0,0.0,0.0,0.0,0.17239837925034143,0.0,0.0,0.0,0.0,0.0,0.0,1.0,0.0,0.0,0.0,-0.15429341945115288,1.0,0.0,0.0,0.0,0.0,0.0,0.0,-0.2945831230308624,0.0,0.0,1.0,0.0,0.0,0.0,0.0,-0.0019258297911291537,0.0,1.0,0.0,0.0,0.0,0.0,0.0,0.0023422863581291447,1.0,0.0,0.0,0.0
51,0.27376408860809287,0.0,1.0,0.0,0.0,0.0,0.0,0.0,0.0,0.0,0.0,0.5992658734935298,0.0,0.0,0.0,1.0,0.0,0.0,0.0,0.0,0.0,0.0,-0.1229438531173684,0.0,0.0,0.0,0.0,0.0,0.0,1.0,-0.28713695337500844,0.0,0.0,0.0,0.0,0.0,0.0,1.0,-0.017804244472687497,0.0,0.0,0.0,0.0,0.0,0.0,1.0,0.19888981314568524,0.0,1.0,0.0,0.0
52,0.34689800010040134,0.0,0.0,0.0,0.0,0.0,0.0,0.0,0.0,1.0,0.0,0.0027343957515785218,0.0,0.0,0.0,0.0,0.0,0.0,1.0,0.0,0.0,0.0,-0.26746174432435094,1.0,0.0,0.0,0.0,0.0,0.0,0.0,-0.08655750501899641,0.0,0.0,1.0,0.0,0.0,0.0,0.0,-0.0019258297911291537,0.0,1.0,0.0,0.0,0.0,0.0,0.0,0.0023422863581291447,1.0,0.0,0.0,0.0
53,0.29266985108293514,0.0,1.0,0.0,0.0,0.0,0.0,0.0,0.0,0.0,0.0,-0.03224184260975855,0.0,0.0,0.0,0.0,1.0,0.0,0.0,0.0,0.0,0.0,-0.022540368092617273,1.0,0.0,0.0,0.0,0.0,0.0,0.0,0.13149007576688365,0.0,0.0,0.0,0.0,0.0,1.0,0.0,-0.0019258297911291537,0.0,1.0,0.0,0.0,0.0,0.0,0.0,0.0023422863581291447,1.0,0.0,0.0,0.0
54,-0.26256142435657914,0.0,0.0,0.0,0.0,1.0,0.0,0.0,0.0,0.0,0.0,-0.041057980645177385,0.0,0.0,0.0,0.0,0.0,0.0,0.0,0.0,0.0,1.0,0.6538512050550668,0.0,0.0,0.0,0.0,0.0,0.0,1.0,-0.24763928887774225,0.0,0.0,1.0,0.0,0.0,0.0,0.0,-0.0019258297911291537,0.0,1.0,0.0,0.0,0.0,0.0,0.0,0.0023422863581291447,1.0,0.0,0.0,0.0
55,-0.2583170184288616,0.0,0.0,0.0,0.0,1.0,0.0,0.0,0.0,0.0,0.0,0.2757562776275787,0.0,0.0,0.0,0.0,0.0,0.0,1.0,0.0,0.0,0.0,-0.09487279646057703,0.0,0.0,0.0,1.0,0.0,0.0,0.0,-0.2356732135053782,0.0,0.0,1.0,0.0,0.0,0.0,0.0,-0.0019258297911291537,0.0,1.0,0.0,0.0,0.0,0.0,0.0,0.0023422863581291447,1.0,0.0,0.0,0.0
56,0.3705304601445427,0.0,0.0,0.0,0.0,0.0,0.0,0.0,0.0,1.0,0.0,0.037791117286210076,0.0,0.0,0.0,0.0,0.0,0.0,1.0,0.0,0.0,0.0,0.0037141013969919498,1.0,0.0,0.0,0.0,0.0,0.0,0.0,-0.1068077864183815,0.0,0.0,1.0,0.0,0.0,0.0,0.0,-0.0019258297911291537,0.0,1.0,0.0,0.0,0.0,0.0,0.0,0.0023422863581291447,1.0,0.0,0.0,0.0
57,-0.2501841796047864,0.0,0.0,0.0,0.0,1.0,0.0,0.0,0.0,0.0,0.0,-0.3813730635453877,1.0,0.0,0.0,0.0,0.0,0.0,0.0,0.0,0.0,0.0,0.049631164006583905,0.0,0.0,0.0,0.0,0.0,0.0,1.0,-0.3287528898493477,1.0,0.0,0.0,0.0,0.0,0.0,0.0,-0.0019258297911291537,0.0,1.0,0.0,0.0,0.0,0.0,0.0,0.0023422863581291447,1.0,0.0,0.0,0.0
58,-0.22923756067993495,0.0,0.0,0.0,0.0,1.0,0.0,0.0,0.0,0.0,0.0,-0.03901004031567855,0.0,0.0,0.0,0.0,0.0,0.0,1.0,0.0,0.0,0.0,0.11640118339085215,0.0,0.0,0.0,1.0,0.0,0.0,0.0,0.42749906884756134,0.0,0.0,0.0,0.0,0.0,1.0,0.0,-0.0019258297911291537,0.0,1.0,0.0,0.0,0.0,0.0,0.0,0.0023422863581291447,1.0,0.0,0.0,0.0
59,0.340520411745236,0.0,1.0,0.0,0.0,0.0,0.0,0.0,0.0,0.0,0.0,-0.19163249671272106,0.0,0.0,0.0,0.0,0.0,0.0,0.0,0.0,0.0,1.0,0.06405591070145795,1.0,0.0,0.0,0.0,0.0,0.0,0.0,0.3976083138935768,0.0,0.0,1.0,0.0,0.0,0.0,0.0,-0.0019258297911291537,0.0,1.0,0.0,0.0,0.0,0.0,0.0,0.0023422863581291447,1.0,0.0,0.0,0.0
60,-0.22277654607507108,0.0,0.0,0.0,0.0,1.0,0.0,0.0,0.0,0.0,0.0,0.06276082190489411,0.0,0.0,0.0,0.0,0.0,0.0,0.0,0.0,0.0,1.0,-0.0283853894975267,0.0,0.0,0.0,0.0,0.0,0.0,1.0,0.3239709269867215,0.0,0.0,1.0,0.0,0.0,0.0,0.0,-0.0019258297911291537,0.0,1.0,0.0,0.0,0.0,0.0,0.0,0.0023422863581291447,1.0,0.0,0.0,0.0
61,-0.21659802001029804,0.0,0.0,0.0,0.0,1.0,0.0,0.0,0.0,0.0,0.0,0.0027343957515785218,0.0,0.0,0.0,0.0,0.0,0.0,1.0,0.0,0.0,0.0,-0.18073852360740467,0.0,0.0,0.0,0.0,0.0,0.0,1.0,-0.25993120976247963,0.0,0.0,0.0,0.0,1.0,0.0,0.0,-0.0019258297911291537,0.0,1.0,0.0,0.0,0.0,0.0,0.0,0.0023422863581291447,1.0,0.0,0.0,0.0
62,-0.2151764177698555,0.0,0.0,0.0,0.0,1.0,0.0,0.0,0.0,0.0,0.0,0.2611901968106132,0.0,0.0,0.0,0.0,0.0,0.0,0.0,1.0,0.0,0.0,0.0687893098067445,0.0,1.0,0.0,0.0,0.0,0.0,0.0,-0.23200134816250015,0.0,0.0,0.0,0.0,1.0,0.0,0.0,-0.0019258297911291537,0.0,1.0,0.0,0.0,0.0,0.0,0.0,0.0023422863581291447,1.0,0.0,0.0,0.0
63,0.4085715440932546,0.0,0.0,0.0,0.0,0.0,0.0,0.0,0.0,1.0,0.0,0.08784869781731004,0.0,0.0,0.0,0.0,0.0,0.0,1.0,0.0,0.0,0.0,-0.04917396313325224,1.0,0.0,0.0,0.0,0.0,0.0,0.0,0.43626794201967595,0.0,0.0,1.0,0.0,0.0,0.0,0.0,-0.0019258297911291537,0.0,1.0,0.0,0.0,0.0,0.0,0.0,0.0023422863581291447,1.0,0.0,0.0,0.0
64,-0.0921308267641057,0.0,0.0,0.0,0.0,0.0,0.0,1.0,0.0,0.0,0.0,0.24231107535276036,0.0,0.0,0.0,0.0,0.0,0.0,0.0,0.0,0.0,1.0,0.11107881567518796,1.0,0.0,0.0,0.0,0.0,0.0,0.0,-0.15338395995515017,0.0,0.0,0.0,0.0,1.0,0.0,0.0,-0.0019258297911291537,0.0,1.0,0.0,0.0,0.0,0.0,0.0,0.0023422863581291447,1.0,0.0,0.0,0.0
65,-0.08930463865155876,0.0,0.0,0.0,0.0,0.0,0.0,1.0,0.0,0.0,0.0,0.3775229496302887,0.0,0.0,0.0,0.0,0.0,0.0,0.0,1.0,0.0,0.0,0.11107881567518796,1.0,0.0,0.0,0.0,0.0,0.0,0.0,0.4427112133740258,0.0,0.0,1.0,0.0,0.0,0.0,0.0,-0.0019258297911291537,0.0,1.0,0.0,0.0,0.0,0.0,0.0,0.0023422863581291447,1.0,0.0,0.0,0.0
66,0.37065972087145743,0.0,1.0,0.0,0.0,0.0,0.0,0.0,0.0,0.0,0.0,0.4229213581080975,0.0,0.0,0.0,0.0,0.0,0.0,1.0,0.0,0.0,0.0,0.0350537591288921,1.0,0.0,0.0,0.0,0.0,0.0,0.0,0.25266334778821375,0.0,0.0,0.0,0.0,0.0,1.0,0.0,-0.0019258297911291537,0.0,1.0,0.0,0.0,0.0,0.0,0.0,0.0023422863581291447,1.0,0.0,0.0,0.0
67,-0.08407469170076069,0.0,0.0,0.0,0.0,0.0,0.0,1.0,0.0,0.0,0.0,-0.22839116259223766,0.0,0.0,0.0,0.0,0.0,0.0,1.0,0.0,0.0,0.0,0.02287739815297397,1.0,0.0,0.0,0.0,0.0,0.0,0.0,0.31335703258281217,1.0,0.0,0.0,0.0,0.0,0.0,0.0,-0.0019258297911291537,0.0,1.0,0.0,0.0,0.0,0.0,0.0,0.0023422863581291447,1.0,0.0,0.0,0.0
68,0.4241872556834627,0.0,0.0,0.0,0.0,0.0,0.0,0.0,0.0,1.0,0.0,-0.13933108920614742,0.0,0.0,0.0,0.0,1.0,0.0,0.0,0.0,0.0,0.0,-0.6803882092723409,1.0,0.0,0.0,0.0,0.0,0.0,0.0,-0.3261353261476164,0.0,0.0,0.0,0.0,1.0,0.0,0.0,-0.0019258297911291537,0.0,1.0,0.0,0.0,0.0,0.0,0.0,0.0023422863581291447,1.0,0.0,0.0,0.0
69,-0.0738887863349229,0.0,0.0,0.0,0.0,0.0,0.0,1.0,0.0,0.0,0.0,0.23030144134479813,0.0,0.0,0.0,0.0,0.0,0.0,1.0,0.0,0.0,0.0,-0.0283853894975267,0.0,0.0,0.0,0.0,0.0,0.0,1.0,-0.27648223885876383,0.0,0.0,0.0,0.0,1.0,0.0,0.0,-0.0019258297911291537,0.0,1.0,0.0,0.0,0.0,0.0,0.0,0.0023422863581291447,1.0,0.0,0.0,0.0
70,-0.071323141697361,0.0,0.0,0.0,0.0,0.0,0.0,1.0,0.0,0.0,0.0,0.0027343957515785218,0.0,0.0,0.0,0.0,0.0,0.0,1.0,0.0,0.0,0.0,0.019991129347754148,0.0,0.0,0.0,0.0,1.0,0.0,0.0,0.010057452370655858,0.0,0.0,0.0,0.0,1.0,0.0,0.0,-0.0019258297911291537,0.0,1.0,0.0,0.0,0.0,0.0,0.0,0.0023422863581291447,1.0,0.0,0.0,0.0
71,0.3916775299233392,0.0,1.0,0.0,0.0,0.0,0.0,0.0,0.0,0.0,0.0,0.0027343957515785218,0.0,0.0,0.0,0.0,0.0,0.0,1.0,0.0,0.0,0.0,0.08147392507529934,0.0,0.0,0.0,0.0,0.0,0.0,1.0,-0.3605439873000008,0.0,1.0,0.0,0.0,0.0,0.0,0.0,0.0018303273015054932,0.0,0.0,0.0,0.0,1.0,0.0,0.0,-0.005131164253307238,0.0,0.0,0.0,1.0
72,-0.1571992358722228,0.0,0.0,0.0,0.0,1.0,0.0,0.0,0.0,0.0,0.0,-0.17773797926504148,0.0,0.0,0.0,0.0,1.0,0.0,0.0,0.0,0.0,0.0,-0.28601848032841404,1.0,0.0,0.0,0.0,0.0,0.0,0.0,0.26556396404454263,0.0,0.0,0.0,0.0,1.0,0.0,0.0,0.0018303273015054932,0.0,0.0,0.0,0.0,1.0,0.0,0.0,-0.005131164253307238,0.0,0.0,0.0,1.0
73,-0.051766028972542406,0.0,0.0,0.0,0.0,0.0,0.0,1.0,0.0,0.0,0.0,0.0027343957515785218,0.0,0.0,0.0,0.0,0.0,0.0,1.0,0.0,0.0,0.0,-0.28601848032841404,1.0,0.0,0.0,0.0,0.0,0.0,0.0,-0.07993876834038943,0.0,0.0,0.0,0.0,1.0,0.0,0.0,0.0018303273015054932,0.0,0.0,0.0,0.0,1.0,0.0,0.0,-0.005131164253307238,0.0,0.0,0.0,1.0
74,-0.15269753013938195,0.0,0.0,0.0,0.0,1.0,0.0,0.0,0.0,0.0,0.0,0.1855344028231086,0.0,0.0,0.0,0.0,0.0,0.0,0.0,1.0,0.0,0.0,-0.0283853894975267,0.0,0.0,0.0,0.0,0.0,0.0,1.0,-0.2568278918069263,0.0,0.0,0.0,0.0,1.0,0.0,0.0,-0.0019258297911291537,0.0,1.0,0.0,0.0,0.0,0.0,0.0,0.0023422863581291447,1.0,0.0,0.0,0.0
75,-0.1504130575977775,0.0,0.0,0.0,0.0,1.0,0.0,0.0,0.0,0.0,0.0,0.12340369424611497,0.0,0.0,0.0,0.0,1.0,0.0,0.0,0.0,0.0,0.0,-0.23859678623975222,1.0,0.0,0.0,0.0,0.0,0.0,0.0,-0.1689005497329168,0.0,0.0,0.0,0.0,1.0,0.0,0.0,-0.0019258297911291537,0.0,1.0,0.0,0.0,0.0,0.0,0.0,0.0023422863581291447,1.0,0.0,0.0,0.0
76,-0.042546169392266305,0.0,0.0,0.0,0.0,0.0,0.0,1.0,0.0,0.0,0.0,-0.003395924962628873,0.0,0.0,0.0,0.0,0.0,0.0,0.0,0.0,0.0,1.0,0.2360566057762904,0.0,0.0,0.0,1.0,0.0,0.0,0.0,-0.2020026079254852,0.0,0.0,0.0,0.0,1.0,0.0,0.0,-0.0019258297911291537,0.0,1.0,0.0,0.0,0.0,0.0,0.0,0.0023422863581291447,1.0,0.0,0.0,0.0
77,0.42750010842953357,0.0,1.0,0.0,0.0,0.0,0.0,0.0,0.0,0.0,0.0,-0.08925278519368984,0.0,0.0,0.0,0.0,0.0,0.0,0.0,0.0,0.0,1.0,-0.3275234821795468,0.0,0.0,0.0,0.0,0.0,0.0,1.0,0.4767685048184461,0.0,0.0,1.0,0.0,0.0,0.0,0.0,-0.0019258297911291537,0.0,1.0,0.0,0.0,0.0,0.0,0.0,0.0023422863581291447,1.0,0.0,0.0,0.0
78,-0.03583526716629177,0.0,0.0,0.0,0.0,0.0,0.0,1.0,0.0,0.0,0.0,-0.10148685551185535,0.0,0.0,0.0,0.0,1.0,0.0,0.0,0.0,0.0,0.0,-0.11626948726070412,0.0,0.0,0.0,0.0,0.0,0.0,1.0,-0.21234700111066257,0.0,0.0,0.0,0.0,1.0,0.0,0.0,-0.0019258297911291537,0.0,1.0,0.0,0.0,0.0,0.0,0.0,0.0023422863581291447,1.0,0.0,0.0,0.0
79,-0.134463800421947,0.0,0.0,0.0,0.0,1.0,0.0,0.0,0.0,0.0,0.0,0.043863258089535166,0.0,0.0,0.0,0.0,1.0,0.0,0.0,0.0,0.0,0.0,-0.19376566637140974,1.0,0.0,0.0,0.0,0.0,0.0,0.0,-0.20096816860696726,0.0,0.0,0.0,0.0,1.0,0.0,0.0,-0.0019258297911291537,0.0,1.0,0.0,0.0,0.0,0.0,0.0,0.0023422863581291447,1.0,0.0,0.0,0.0
80,0.4361423972696989,0.0,1.0,0.0,0.0,0.0,0.0,0.0,0.0,0.0,0.0,0.0027343957515785218,0.0,0.0,0.0,0.0,0.0,0.0,1.0,0.0,0.0,0.0,-0.19376566637140974,1.0,0.0,0.0,0.0,0.0,0.0,0.0,-0.20820924383659162,0.0,0.0,0.0,0.0,1.0,0.0,0.0,-0.0019258297911291537,0.0,1.0,0.0,0.0,0.0,0.0,0.0,0.0023422863581291447,1.0,0.0,0.0,0.0
81,-0.02270580194115645,0.0,0.0,0.0,0.0,0.0,0.0,1.0,0.0,0.0,0.0,-0.4679671776338864,1.0,0.0,0.0,0.0,0.0,0.0,0.0,0.0,0.0,0.0,-0.0283853894975267,0.0,0.0,0.0,0.0,0.0,0.0,1.0,-0.1937270933773429,0.0,0.0,0.0,0.0,1.0,0.0,0.0,-0.0019258297911291537,0.0,1.0,0.0,0.0,0.0,0.0,0.0,0.0023422863581291447,1.0,0.0,0.0,0.0
82,-0.020319485343908514,0.0,0.0,0.0,0.0,0.0,0.0,1.0,0.0,0.0,0.0,-0.042663187531271726,0.0,0.0,0.0,0.0,1.0,0.0,0.0,0.0,0.0,0.0,-0.18157209977707378,1.0,0.0,0.0,0.0,0.0,0.0,0.0,-0.1937270933773429,0.0,0.0,0.0,0.0,1.0,0.0,0.0,-0.0019258297911291537,0.0,1.0,0.0,0.0,0.0,0.0,0.0,0.0023422863581291447,1.0,0.0,0.0,0.0
83,-0.019068367931951057,0.0,0.0,0.0,0.0,0.0,0.0,1.0,0.0,0.0,0.0,0.0004592030182699783,0.0,0.0,0.0,0.0,1.0,0.0,0.0,0.0,0.0,0.0,-0.18157209977707378,1.0,0.0,0.0,0.0,0.0,0.0,0.0,-0.34435245142148446,0.0,0.0,0.0,1.0,0.0,0.0,0.0,-0.0019258297911291537,0.0,1.0,0.0,0.0,0.0,0.0,0.0,0.0023422863581291447,1.0,0.0,0.0,0.0
84,-0.015714552029057836,0.0,0.0,0.0,0.0,0.0,0.0,1.0,0.0,0.0,0.0,-0.17213841309938938,0.0,0.0,0.0,0.0,0.0,0.0,1.0,0.0,0.0,0.0,0.0890954076297569,0.0,0.0,0.0,1.0,0.0,0.0,0.0,-0.47805255045266654,1.0,0.0,0.0,0.0,0.0,0.0,0.0,-0.0019258297911291537,0.0,1.0,0.0,0.0,0.0,0.0,0.0,0.0023422863581291447,1.0,0.0,0.0,0.0
85,-0.10991789862445657,0.0,0.0,0.0,0.0,1.0,0.0,0.0,0.0,0.0,0.0,-0.08113971867064326,0.0,1.0,0.0,0.0,0.0,0.0,0.0,0.0,0.0,0.0,-0.15424034789346763,1.0,0.0,0.0,0.0,0.0,0.0,0.0,0.45415996453390955,1.0,0.0,0.0,0.0,0.0,0.0,0.0,0.007728800781279557,1.0,0.0,0.0,0.0,0.0,0.0,0.0,-0.049224709308779244,0.0,1.0,0.0,0.0
86,-0.10555462684825569,0.0,0.0,0.0,0.0,1.0,0.0,0.0,0.0,0.0,0.0,-0.29641092469871166,0.0,0.0,0.0,0.0,0.0,0.0,1.0,0.0,0.0,0.0,0.6882378197901153,0.0,0.0,0.0,0.0,0.0,0.0,1.0,-0.16062503518477453,0.0,0.0,0.0,0.0,1.0,0.0,0.0,-0.0019258297911291537,0.0,1.0,0.0,0.0,0.0,0.0,0.0,0.0023422863581291447,1.0,0.0,0.0,0.0
87,-0.10447463381510061,0.0,0.0,0.0,0.0,1.0,0.0,0.0,0.0,0.0,0.0,-0.46571309323837284,0.0,1.0,0.0,0.0,0.0,0.0,0.0,0.0,0.0,0.0,-0.15424034789346763,1.0,0.0,0.0,0.0,0.0,0.0,0.0,-0.12441965903665311,0.0,0.0,0.0,0.0,1.0,0.0,0.0,-0.0019258297911291537,0.0,1.0,0.0,0.0,0.0,0.0,0.0,0.0023422863581291447,1.0,0.0,0.0,0.0
88,-0.004159249054459754,0.0,0.0,0.0,0.0,0.0,0.0,1.0,0.0,0.0,0.0,0.01216093730542089,0.0,0.0,0.0,0.0,0.0,0.0,0.0,0.0,0.0,1.0,-0.5343983385723642,0.0,0.0,0.0,0.0,0.0,0.0,1.0,-0.17096942836995227,0.0,0.0,0.0,0.0,1.0,0.0,0.0,-0.0019258297911291537,0.0,1.0,0.0,0.0,0.0,0.0,0.0,0.0023422863581291447,1.0,0.0,0.0,0.0
89,-0.09319278677735217,0.0,0.0,0.0,0.0,1.0,0.0,0.0,0.0,0.0,0.0,0.32177541613025895,0.0,0.0,0.0,1.0,0.0,0.0,0.0,0.0,0.0,0.0,-0.06231213322737196,1.0,0.0,0.0,0.0,0.0,0.0,0.0,-0.11717858380702877,0.0,0.0,0.0,0.0,1.0,0.0,0.0,-0.0019258297911291537,0.0,1.0,0.0,0.0,0.0,0.0,0.0,0.0023422863581291447,1.0,0.0,0.0,0.0
90,-0.09194604848213905,0.0,0.0,0.0,0.0,1.0,0.0,0.0,0.0,0.0,0.0,0.3573771341597317,0.0,0.0,0.0,1.0,0.0,0.0,0.0,0.0,0.0,0.0,-0.06231213322737196,1.0,0.0,0.0,0.0,0.0,0.0,0.0,-0.185451578829201,0.0,0.0,0.0,0.0,1.0,0.0,0.0,-0.0019258297911291537,0.0,1.0,0.0,0.0,0.0,0.0,0.0,0.0023422863581291447,1.0,0.0,0.0,0.0
91,0.005801179008409811,0.0,0.0,0.0,0.0,0.0,0.0,1.0,0.0,0.0,0.0,-0.47281043415677254,0.0,0.0,0.0,0.0,0.0,0.0,1.0,0.0,0.0,0.0,0.1086723277748398,0.0,0.0,0.0,1.0,0.0,0.0,0.0,-0.2392424233921245,0.0,0.0,0.0,0.0,1.0,0.0,0.0,-0.0019258297911291537,0.0,1.0,0.0,0.0,0.0,0.0,0.0,0.0023422863581291447,1.0,0.0,0.0,0.0
92,0.009885025373290408,0.0,0.0,0.0,0.0,0.0,0.0,1.0,0.0,0.0,0.0,-0.03273249013845085,0.0,0.0,0.0,0.0,0.0,0.0,1.0,0.0,0.0,0.0,-0.16706054010085114,1.0,0.0,0.0,0.0,0.0,0.0,0.0,0.4169381279566264,0.0,0.0,1.0,0.0,0.0,0.0,0.0,-0.0019258297911291537,0.0,1.0,0.0,0.0,0.0,0.0,0.0,0.0023422863581291447,1.0,0.0,0.0,0.0
93,0.48916426264940766,0.0,1.0,0.0,0.0,0.0,0.0,0.0,0.0,0.0,0.0,0.31766446745665844,0.0,0.0,0.0,0.0,0.0,0.0,0.0,1.0,0.0,0.0,-0.08604399821373512,1.0,0.0,0.0,0.0,0.0,0.0,0.0,-0.4871561882943322,1.0,0.0,0.0,0.0,0.0,0.0,0.0,-0.0019258297911291537,0.0,1.0,0.0,0.0,0.0,0.0,0.0,0.0023422863581291447,1.0,0.0,0.0,0.0
94,0.013818069029497655,0.0,0.0,0.0,0.0,0.0,0.0,1.0,0.0,0.0,0.0,0.0027343957515785218,0.0,0.0,0.0,0.0,0.0,0.0,1.0,0.0,0.0,0.0,-0.12539856472347247,1.0,0.0,0.0,0.0,0.0,0.0,0.0,-0.24234574134767792,0.0,0.0,0.0,0.0,1.0,0.0,0.0,-0.0019258297911291537,0.0,1.0,0.0,0.0,0.0,0.0,0.0,0.0023422863581291447,1.0,0.0,0.0,0.0
95,0.021526631102852155,0.0,0.0,0.0,0.0,0.0,0.0,1.0,0.0,0.0,0.0,0.00860042537785203,0.0,0.0,0.0,0.0,1.0,0.0,0.0,0.0,0.0,0.0,-0.11427651187555898,1.0,0.0,0.0,0.0,0.0,0.0,0.0,-0.5266052856082174,1.0,0.0,0.0,0.0,0.0,0.0,0.0,-0.0019258297911291537,0.0,1.0,0.0,0.0,0.0,0.0,0.0,0.0023422863581291447,1.0,0.0,0.0,0.0
96,-0.06784334351725986,0.0,0.0,0.0,0.0,1.0,0.0,0.0,0.0,0.0,0.0,-0.19014966650628412,0.0,0.0,0.0,0.0,1.0,0.0,0.0,0.0,0.0,0.0,-0.10128125375482804,1.0,0.0,0.0,0.0,0.0,0.0,0.0,0.46629814832279703,1.0,0.0,0.0,0.0,0.0,0.0,0.0,0.004223961620334448,0.0,0.0,0.0,1.0,0.0,0.0,0.0,0.19888981314568524,0.0,1.0,0.0,0.0
97,0.02532740443145193,0.0,0.0,0.0,0.0,0.0,0.0,1.0,0.0,0.0,0.0,0.0027343957515785218,0.0,0.0,0.0,0.0,0.0,0.0,1.0,0.0,0.0,0.0,-0.10128125375482804,1.0,0.0,0.0,0.0,0.0,0.0,0.0,-0.1296866757115892,1.0,0.0,0.0,0.0,0.0,0.0,0.0,0.0018303273015054932,0.0,0.0,0.0,0.0,1.0,0.0,0.0,-0.005131164253307238,0.0,0.0,0.0,1.0
98,-0.5497575036860863,0.0,0.0,0.0,0.0,0.0,0.0,0.0,0.0,0.0,1.0,-0.36836789747041787,0.0,0.0,0.0,0.0,0.0,0.0,0.0,0.0,0.0,1.0,-0.22037892480961208,0.0,0.0,0.0,1.0,0.0,0.0,0.0,0.04522838920025971,0.0,0.0,0.0,0.0,1.0,0.0,0.0,0.0018303273015054932,0.0,0.0,0.0,0.0,1.0,0.0,0.0,-0.005131164253307238,0.0,0.0,0.0,1.0
99,-0.04505003642796767,0.0,0.0,0.0,0.0,1.0,0.0,0.0,0.0,0.0,0.0,0.0027343957515785218,0.0,0.0,0.0,0.0,0.0,0.0,1.0,0.0,0.0,0.0,-0.09391765036922665,1.0,0.0,0.0,0.0,0.0,0.0,0.0,-0.0333889990070899,0.0,0.0,0.0,0.0,1.0,0.0,0.0,0.0018303273015054932,0.0,0.0,0.0,0.0,1.0,0.0,0.0,-0.005131164253307238,0.0,0.0,0.0,1.0
100,0.04705571278114587,0.0,0.0,0.0,0.0,0.0,0.0,1.0,0.0,0.0,0.0,-0.1973087297299818,1.0,0.0,0.0,0.0,0.0,0.0,0.0,0.0,0.0,0.0,-0.0283853894975267,0.0,0.0,0.0,0.0,0.0,0.0,1.0,-0.11821302312554632,0.0,0.0,0.0,0.0,1.0,0.0,0.0,0.0018303273015054932,0.0,0.0,0.0,0.0,1.0,0.0,0.0,-0.005131164253307238,0.0,0.0,0.0,1.0
101,-0.03680187066858639,0.0,0.0,0.0,0.0,1.0,0.0,0.0,0.0,0.0,0.0,0.3352615020265616,0.0,0.0,0.0,0.0,0.0,0.0,1.0,0.0,0.0,0.0,-0.0283853894975267,0.0,0.0,0.0,0.0,0.0,0.0,1.0,0.4374525876207421,0.0,0.0,0.0,0.0,0.0,1.0,0.0,0.0018303273015054932,0.0,0.0,0.0,0.0,1.0,0.0,0.0,-0.005131164253307238,0.0,0.0,0.0,1.0
102,0.05864444671766672,0.0,0.0,0.0,0.0,0.0,0.0,1.0,0.0,0.0,0.0,-0.1583156399660672,0.0,0.0,0.0,0.0,0.0,0.0,0.0,0.0,0.0,1.0,-0.21740297569970415,1.0,0.0,0.0,0.0,0.0,0.0,0.0,-0.08717984357001379,0.0,0.0,0.0,0.0,1.0,0.0,0.0,0.0018303273015054932,0.0,0.0,0.0,0.0,1.0,0.0,0.0,-0.005131164253307238,0.0,0.0,0.0,1.0
103,0.06892355905886527,0.0,0.0,0.0,0.0,0.0,0.0,1.0,0.0,0.0,0.0,0.27916963516845195,0.0,0.0,0.0,0.0,1.0,0.0,0.0,0.0,0.0,0.0,-0.24113238274057908,1.0,0.0,0.0,0.0,0.0,0.0,0.0,-0.185451578829201,0.0,0.0,0.0,0.0,1.0,0.0,0.0,-0.0019258297911291537,0.0,1.0,0.0,0.0,0.0,0.0,0.0,0.0023422863581291447,1.0,0.0,0.0,0.0
104,0.07058402406436617,0.0,0.0,0.0,0.0,0.0,0.0,1.0,0.0,0.0,0.0,-0.12978078792359118,0.0,0.0,0.0,0.0,0.0,0.0,1.0,0.0,0.0,0.0,-0.24113238274057908,1.0,0.0,0.0,0.0,0.0,0.0,0.0,-0.24648349862174887,0.0,0.0,0.0,0.0,1.0,0.0,0.0,0.0018303273015054932,0.0,0.0,0.0,0.0,1.0,0.0,0.0,-0.005131164253307238,0.0,0.0,0.0,1.0
105,-0.012408350309081596,0.0,0.0,0.0,0.0,1.0,0.0,0.0,0.0,0.0,0.0,-0.4942725081683496,0.0,0.0,0.0,0.0,0.0,0.0,0.0,1.0,0.0,0.0,-0.09114689369597209,1.0,0.0,0.0,0.0,0.0,0.0,0.0,-0.16165947450329246,0.0,0.0,0.0,0.0,1.0,0.0,0.0,-0.0019258297911291537,0.0,1.0,0.0,0.0,0.0,0.0,0.0,0.0023422863581291447,1.0,0.0,0.0,0.0
106,-0.0017897372350247603,0.0,0.0,0.0,0.0,1.0,0.0,0.0,0.0,0.0,0.0,0.5067746069071203,0.0,1.0,0.0,0.0,0.0,0.0,0.0,0.0,0.0,0.0,-0.7072737297388845,1.0,0.0,0.0,0.0,0.0,0.0,0.0,0.3677779562084773,0.0,0.0,0.0,0.0,0.0,1.0,0.0,-0.0019258297911291537,0.0,1.0,0.0,0.0,0.0,0.0,0.0,0.0023422863581291447,1.0,0.0,0.0,0.0
107,-0.0011816686826257715,0.0,0.0,0.0,0.0,1.0,0.0,0.0,0.0,0.0,0.0,-0.5822479574699226,0.0,0.0,0.0,0.0,0.0,0.0,0.0,0.0,0.0,1.0,-0.2148236879637697,1.0,0.0,0.0,0.0,0.0,0.0,0.0,0.4178585952929619,0.0,0.0,1.0,0.0,0.0,0.0,0.0,-0.0019258297911291537,0.0,1.0,0.0,0.0,0.0,0.0,0.0,0.0023422863581291447,1.0,0.0,0.0,0.0
108,0.003858576367249037,0.0,0.0,0.0,0.0,1.0,0.0,0.0,0.0,0.0,0.0,0.11864163612808427,0.0,0.0,0.0,0.0,0.0,0.0,0.0,0.0,0.0,1.0,-0.09882911356586659,0.0,0.0,0.0,0.0,0.0,0.0,1.0,-0.039595634918196704,0.0,0.0,0.0,0.0,1.0,0.0,0.0,-0.0019258297911291537,0.0,1.0,0.0,0.0,0.0,0.0,0.0,0.0023422863581291447,1.0,0.0,0.0,0.0
109,0.09008662978604981,0.0,0.0,0.0,0.0,0.0,0.0,1.0,0.0,0.0,0.0,-0.10706060998610027,0.0,0.0,0.0,0.0,0.0,0.0,0.0,1.0,0.0,0.0,-0.09882911356586659,0.0,0.0,0.0,0.0,0.0,0.0,1.0,-0.06649105719965828,0.0,0.0,0.0,0.0,1.0,0.0,0.0,-0.0019258297911291537,0.0,1.0,0.0,0.0,0.0,0.0,0.0,0.0023422863581291447,1.0,0.0,0.0,0.0
110,0.1006889686558386,0.0,0.0,0.0,0.0,0.0,0.0,1.0,0.0,0.0,0.0,-0.3089103023384617,0.0,0.0,0.0,0.0,0.0,0.0,0.0,0.0,0.0,1.0,-0.3068052249983147,1.0,0.0,0.0,0.0,0.0,0.0,0.0,0.023505163511386647,0.0,0.0,0.0,0.0,1.0,0.0,0.0,0.0018303273015054932,0.0,0.0,0.0,0.0,1.0,0.0,0.0,-0.005131164253307238,0.0,0.0,0.0,1.0
111,-0.4416512667317179,0.0,0.0,0.0,0.0,0.0,0.0,0.0,0.0,0.0,1.0,0.021009330610660414,0.0,1.0,0.0,0.0,0.0,0.0,0.0,0.0,0.0,0.0,-0.3173791376811326,0.0,0.0,0.0,0.0,0.0,0.0,1.0,0.13108685263723405,0.0,0.0,0.0,0.0,1.0,0.0,0.0,0.004223961620334448,0.0,0.0,0.0,1.0,0.0,0.0,0.0,0.19888981314568524,0.0,1.0,0.0,0.0
112,0.02390735220189272,0.0,0.0,0.0,0.0,1.0,0.0,0.0,0.0,0.0,0.0,0.3280038888543145,0.0,0.0,0.0,0.0,1.0,0.0,0.0,0.0,0.0,0.0,-0.12537318267414474,1.0,0.0,0.0,0.0,0.0,0.0,0.0,-0.14364558706881012,1.0,0.0,0.0,0.0,0.0,0.0,0.0,0.0018303273015054932,0.0,0.0,0.0,0.0,1.0,0.0,0.0,-0.005131164253307238,0.0,0.0,0.0,1.0
113,0.11493146688498951,0.0,0.0,0.0,0.0,0.0,0.0,1.0,0.0,0.0,0.0,0.2890011204390721,0.0,1.0,0.0,0.0,0.0,0.0,0.0,0.0,0.0,0.0,-0.2753860602541923,1.0,0.0,0.0,0.0,0.0,0.0,0.0,0.0036482939419013073,0.0,0.0,1.0,0.0,0.0,0.0,0.0,-0.0019258297911291537,0.0,1.0,0.0,0.0,0.0,0.0,0.0,0.0023422863581291447,1.0,0.0,0.0,0.0
114,0.12202446320294001,0.0,0.0,0.0,0.0,0.0,0.0,1.0,0.0,0.0,0.0,0.08314080559789538,0.0,0.0,0.0,0.0,0.0,0.0,0.0,0.0,0.0,1.0,0.04305399207330185,0.0,0.0,0.0,1.0,0.0,0.0,0.0,-0.4398172715176701,1.0,0.0,0.0,0.0,0.0,0.0,0.0,-0.0019258297911291537,0.0,1.0,0.0,0.0,0.0,0.0,0.0,0.0023422863581291447,1.0,0.0,0.0,0.0
115,0.04580364888643063,0.0,0.0,0.0,0.0,1.0,0.0,0.0,0.0,0.0,0.0,0.00024487134432021364,0.0,0.0,0.0,0.0,0.0,0.0,0.0,0.0,0.0,1.0,0.0586260081449769,1.0,0.0,0.0,0.0,0.0,0.0,0.0,0.4307451380016616,0.0,0.0,1.0,0.0,0.0,0.0,0.0,-0.0019258297911291537,0.0,1.0,0.0,0.0,0.0,0.0,0.0,0.0023422863581291447,1.0,0.0,0.0,0.0
116,0.05479311287076666,0.0,0.0,0.0,0.0,1.0,0.0,0.0,0.0,0.0,0.0,-0.11962400108291783,0.0,0.0,0.0,0.0,1.0,0.0,0.0,0.0,0.0,0.0,-0.10967423467848171,1.0,0.0,0.0,0.0,0.0,0.0,0.0,0.45559775608272524,0.0,0.0,1.0,0.0,0.0,0.0,0.0,-0.0019258297911291537,0.0,1.0,0.0,0.0,0.0,0.0,0.0,0.0023422863581291447,1.0,0.0,0.0,0.0
117,-0.39274640410023615,0.0,0.0,0.0,0.0,0.0,0.0,0.0,0.0,0.0,1.0,0.0767204741050017,0.0,1.0,0.0,0.0,0.0,0.0,0.0,0.0,0.0,0.0,-0.10967423467848171,1.0,0.0,0.0,0.0,0.0,0.0,0.0,-0.09752048867103694,1.0,0.0,0.0,0.0,0.0,0.0,0.0,0.004223961620334448,0.0,0.0,0.0,1.0,0.0,0.0,0.0,0.19888981314568524,0.0,1.0,0.0,0.0
118,-0.3876523500103188,0.0,0.0,0.0,0.0,0.0,0.0,0.0,0.0,0.0,1.0,0.13453346258688598,0.0,0.0,0.0,0.0,1.0,0.0,0.0,0.0,0.0,0.0,-0.08067097953855379,1.0,0.0,0.0,0.0,0.0,0.0,0.0,0.3950419424132765,0.0,0.0,0.0,0.0,0.0,1.0,0.0,-0.0019258297911291537,0.0,1.0,0.0,0.0,0.0,0.0,0.0,0.0023422863581291447,1.0,0.0,0.0,0.0
119,0.06416998376233121,0.0,0.0,0.0,0.0,1.0,0.0,0.0,0.0,0.0,0.0,0.3898507346782524,0.0,0.0,0.0,0.0,0.0,0.0,0.0,0.0,0.0,1.0,0.061193407450692655,1.0,0.0,0.0,0.0,0.0,0.0,0.0,-0.26096564908099756,0.0,0.0,0.0,0.0,1.0,0.0,0.0,-0.0019258297911291537,0.0,1.0,0.0,0.0,0.0,0.0,0.0,0.0023422863581291447,1.0,0.0,0.0,0.0
120,-0.35429473722730276,0.0,0.0,0.0,0.0,0.0,0.0,0.0,0.0,0.0,1.0,-0.18873198795037804,0.0,1.0,0.0,0.0,0.0,0.0,0.0,0.0,0.0,0.0,-0.0283853894975267,0.0,0.0,0.0,0.0,0.0,0.0,1.0,0.359122722492668,0.0,0.0,0.0,0.0,0.0,1.0,0.0,-0.0019258297911291537,0.0,1.0,0.0,0.0,0.0,0.0,0.0,0.0023422863581291447,1.0,0.0,0.0,0.0
121,-0.352242965441086,0.0,0.0,0.0,0.0,0.0,0.0,0.0,0.0,0.0,1.0,-0.2712343675983554,1.0,0.0,0.0,0.0,0.0,0.0,0.0,0.0,0.0,0.0,-0.0283853894975267,0.0,0.0,0.0,0.0,0.0,0.0,1.0,0.38380130384854155,0.0,0.0,1.0,0.0,0.0,0.0,0.0,-0.0019258297911291537,0.0,1.0,0.0,0.0,0.0,0.0,0.0,0.0023422863581291447,1.0,0.0,0.0,0.0
122,-0.3373646593909088,0.0,0.0,0.0,0.0,0.0,0.0,0.0,0.0,0.0,1.0,-0.020534322119616907,0.0,0.0,0.0,0.0,1.0,0.0,0.0,0.0,0.0,0.0,-0.47500439949058476,0.0,0.0,0.0,0.0,0.0,0.0,1.0,-0.136832930858866,0.0,0.0,0.0,0.0,1.0,0.0,0.0,-0.0019258297911291537,0.0,1.0,0.0,0.0,0.0,0.0,0.0,0.0023422863581291447,1.0,0.0,0.0,0.0
123,0.09670508614317268,0.0,0.0,0.0,0.0,1.0,0.0,0.0,0.0,0.0,0.0,0.2076865534143713,0.0,1.0,0.0,0.0,0.0,0.0,0.0,0.0,0.0,0.0,-0.053778234192242536,0.0,0.0,0.0,1.0,0.0,0.0,0.0,-0.14407400608849033,0.0,0.0,0.0,0.0,1.0,0.0,0.0,-0.0019258297911291537,0.0,1.0,0.0,0.0,0.0,0.0,0.0,0.0023422863581291447,1.0,0.0,0.0,0.0
124,0.10669356450031348,0.0,0.0,0.0,0.0,1.0,0.0,0.0,0.0,0.0,0.0,0.00951168911407297,0.0,0.0,0.0,0.0,0.0,0.0,1.0,0.0,0.0,0.0,-0.0283853894975267,0.0,0.0,0.0,0.0,0.0,0.0,1.0,-0.10373087266629798,0.0,0.0,0.0,0.0,1.0,0.0,0.0,-0.0019258297911291537,0.0,1.0,0.0,0.0,0.0,0.0,0.0,0.0023422863581291447,1.0,0.0,0.0,0.0
125,-0.3122514828617881,0.0,0.0,0.0,0.0,0.0,0.0,0.0,0.0,0.0,1.0,-0.3087884481158838,1.0,0.0,0.0,0.0,0.0,0.0,0.0,0.0,0.0,0.0,-0.0649651593279542,1.0,0.0,0.0,0.0,0.0,0.0,0.0,-0.07890432902187151,0.0,0.0,0.0,0.0,1.0,0.0,0.0,-0.0019258297911291537,0.0,1.0,0.0,0.0,0.0,0.0,0.0,0.0023422863581291447,1.0,0.0,0.0,0.0
126,0.1843197903258279,0.0,0.0,0.0,0.0,0.0,0.0,1.0,0.0,0.0,0.0,0.0027343957515785218,0.0,0.0,0.0,0.0,0.0,0.0,1.0,0.0,0.0,0.0,-0.0283853894975267,0.0,0.0,0.0,0.0,0.0,0.0,1.0,-0.16476279245884584,0.0,0.0,0.0,0.0,1.0,0.0,0.0,-0.0019258297911291537,0.0,1.0,0.0,0.0,0.0,0.0,0.0,0.0023422863581291447,1.0,0.0,0.0,0.0
127,0.11665435606612629,0.0,0.0,0.0,0.0,1.0,0.0,0.0,0.0,0.0,0.0,0.36101353801678093,0.0,0.0,0.0,0.0,0.0,0.0,0.0,0.0,0.0,1.0,0.10566813975596279,0.0,0.0,0.0,1.0,0.0,0.0,0.0,-0.2392424233921245,0.0,0.0,0.0,0.0,1.0,0.0,0.0,-0.0019258297911291537,0.0,1.0,0.0,0.0,0.0,0.0,0.0,0.0023422863581291447,1.0,0.0,0.0,0.0
128,0.12736040111279784,0.0,0.0,0.0,0.0,1.0,0.0,0.0,0.0,0.0,0.0,-0.17534047039769476,0.0,0.0,0.0,0.0,0.0,0.0,0.0,0.0,0.0,1.0,-0.09596324625065936,0.0,0.0,0.0,1.0,0.0,0.0,0.0,0.32120952497771466,0.0,0.0,1.0,0.0,0.0,0.0,0.0,-0.0019258297911291537,0.0,1.0,0.0,0.0,0.0,0.0,0.0,0.0023422863581291447,1.0,0.0,0.0,0.0
129,0.12938382676473834,0.0,0.0,0.0,0.0,1.0,0.0,0.0,0.0,0.0,0.0,0.2655959248487898,0.0,1.0,0.0,0.0,0.0,0.0,0.0,0.0,0.0,0.0,-0.09596324625065936,0.0,0.0,0.0,1.0,0.0,0.0,0.0,-0.09338647948112022,0.0,0.0,0.0,0.0,1.0,0.0,0.0,-0.0019258297911291537,0.0,1.0,0.0,0.0,0.0,0.0,0.0,0.0023422863581291447,1.0,0.0,0.0,0.0
130,-0.2802062509667444,0.0,0.0,0.0,0.0,0.0,0.0,0.0,0.0,0.0,1.0,0.23665590654372973,0.0,0.0,0.0,0.0,0.0,0.0,1.0,0.0,0.0,0.0,-0.03591826311507148,1.0,0.0,0.0,0.0,0.0,0.0,0.0,0.31801036234257396,0.0,0.0,0.0,0.0,0.0,1.0,0.0,-0.0019258297911291537,0.0,1.0,0.0,0.0,0.0,0.0,0.0,0.0023422863581291447,1.0,0.0,0.0,0.0
131,0.20197824244144585,0.0,0.0,0.0,0.0,0.0,0.0,1.0,0.0,0.0,0.0,0.314625792348659,0.0,1.0,0.0,0.0,0.0,0.0,0.0,0.0,0.0,0.0,-0.03591826311507148,1.0,0.0,0.0,0.0,0.0,0.0,0.0,0.4178585952929619,0.0,0.0,1.0,0.0,0.0,0.0,0.0,-0.0019258297911291537,0.0,1.0,0.0,0.0,0.0,0.0,0.0,0.0023422863581291447,1.0,0.0,0.0,0.0
132,0.13725270430006245,0.0,0.0,0.0,0.0,1.0,0.0,0.0,0.0,0.0,0.0,0.0027343957515785218,0.0,0.0,0.0,0.0,0.0,0.0,1.0,0.0,0.0,0.0,0.621410550269407,1.0,0.0,0.0,0.0,0.0,0.0,0.0,-0.21958807634028693,0.0,0.0,0.0,0.0,1.0,0.0,0.0,-0.0019258297911291537,0.0,1.0,0.0,0.0,0.0,0.0,0.0,0.0023422863581291447,1.0,0.0,0.0,0.0
133,0.2090118261259793,0.0,0.0,0.0,0.0,0.0,0.0,1.0,0.0,0.0,0.0,0.212390935912539,0.0,0.0,0.0,0.0,0.0,0.0,0.0,0.0,0.0,1.0,-0.2122167608816305,1.0,0.0,0.0,0.0,0.0,0.0,0.0,-0.5259983764187729,1.0,0.0,0.0,0.0,0.0,0.0,0.0,-0.0019258297911291537,0.0,1.0,0.0,0.0,0.0,0.0,0.0,0.0023422863581291447,1.0,0.0,0.0,0.0
134,-0.25784567340788483,0.0,0.0,0.0,0.0,0.0,0.0,0.0,0.0,0.0,1.0,0.3767955591023748,0.0,1.0,0.0,0.0,0.0,0.0,0.0,0.0,0.0,0.0,-0.14114366189973138,1.0,0.0,0.0,0.0,0.0,0.0,0.0,0.4071592696154096,0.0,0.0,0.0,0.0,0.0,1.0,0.0,-0.0019258297911291537,0.0,1.0,0.0,0.0,0.0,0.0,0.0,0.0023422863581291447,1.0,0.0,0.0,0.0
135,-0.254301759168291,0.0,0.0,0.0,0.0,0.0,0.0,0.0,0.0,0.0,1.0,0.0027343957515785218,0.0,0.0,0.0,0.0,0.0,0.0,1.0,0.0,0.0,0.0,-0.07467237247216522,0.0,1.0,0.0,0.0,0.0,0.0,0.0,0.4171127883885903,0.0,0.0,0.0,0.0,0.0,1.0,0.0,-0.0019258297911291537,0.0,1.0,0.0,0.0,0.0,0.0,0.0,0.0023422863581291447,1.0,0.0,0.0,0.0
136,-0.25127860689604387,0.0,0.0,0.0,0.0,0.0,0.0,0.0,0.0,0.0,1.0,-0.34004571772441344,0.0,0.0,0.0,0.0,0.0,0.0,0.0,0.0,1.0,0.0,-0.06401343300346637,0.0,0.0,0.0,1.0,0.0,0.0,0.0,0.08246820466689904,0.0,0.0,0.0,0.0,1.0,0.0,0.0,0.0018303273015054932,0.0,0.0,0.0,0.0,1.0,0.0,0.0,-0.005131164253307238,0.0,0.0,0.0,1.0
137,0.15955909857043604,0.0,0.0,0.0,0.0,1.0,0.0,0.0,0.0,0.0,0.0,0.0027343957515785218,0.0,0.0,0.0,0.0,0.0,0.0,1.0,0.0,0.0,0.0,-0.08882629218213867,1.0,0.0,0.0,0.0,0.0,0.0,0.0,-0.19889928996993178,0.0,0.0,0.0,0.0,1.0,0.0,0.0,-0.0019258297911291537,0.0,1.0,0.0,0.0,0.0,0.0,0.0,0.0023422863581291447,1.0,0.0,0.0,0.0
138,0.16229051502919234,0.0,0.0,0.0,0.0,1.0,0.0,0.0,0.0,0.0,0.0,0.0027343957515785218,0.0,0.0,0.0,0.0,0.0,0.0,1.0,0.0,0.0,0.0,-0.08882629218213867,1.0,0.0,0.0,0.0,0.0,0.0,0.0,0.364471489785492,0.0,0.0,1.0,0.0,0.0,0.0,0.0,-0.0019258297911291537,0.0,1.0,0.0,0.0,0.0,0.0,0.0,0.0023422863581291447,1.0,0.0,0.0,0.0
139,-0.23500259394458567,0.0,0.0,0.0,0.0,0.0,0.0,0.0,0.0,0.0,1.0,-0.012965189968843686,0.0,0.0,0.0,0.0,1.0,0.0,0.0,0.0,0.0,0.0,-0.31226317792438263,0.0,0.0,0.0,1.0,0.0,0.0,0.0,-0.14510844540700826,0.0,0.0,0.0,0.0,1.0,0.0,0.0,-0.0019258297911291537,0.0,1.0,0.0,0.0,0.0,0.0,0.0,0.0023422863581291447,1.0,0.0,0.0,0.0
140,-0.22723306831280715,0.0,0.0,0.0,0.0,0.0,0.0,0.0,0.0,0.0,1.0,-0.38510308491620393,0.0,0.0,0.0,0.0,0.0,0.0,1.0,0.0,0.0,0.0,-0.31226317792438263,0.0,0.0,0.0,1.0,0.0,0.0,0.0,-0.14924620268107922,0.0,0.0,0.0,0.0,1.0,0.0,0.0,-0.0019258297911291537,0.0,1.0,0.0,0.0,0.0,0.0,0.0,0.0023422863581291447,1.0,0.0,0.0,0.0
141,0.24056120630052777,0.0,0.0,0.0,0.0,0.0,0.0,1.0,0.0,0.0,0.0,0.0027343957515785218,0.0,0.0,0.0,0.0,0.0,0.0,1.0,0.0,0.0,0.0,-0.08588237575734389,1.0,0.0,0.0,0.0,0.0,0.0,0.0,-0.1999337292884497,0.0,0.0,0.0,0.0,1.0,0.0,0.0,-0.0019258297911291537,0.0,1.0,0.0,0.0,0.0,0.0,0.0,0.0023422863581291447,1.0,0.0,0.0,0.0
142,-0.2073927964851299,0.0,0.0,0.0,0.0,0.0,0.0,0.0,0.0,0.0,1.0,-0.2653524652155676,0.0,0.0,0.0,0.0,1.0,0.0,0.0,0.0,0.0,0.0,0.002799736687964061,0.0,0.0,0.0,1.0,0.0,0.0,0.0,0.3976083138935768,0.0,0.0,1.0,0.0,0.0,0.0,0.0,-0.0019258297911291537,0.0,1.0,0.0,0.0,0.0,0.0,0.0,0.0023422863581291447,1.0,0.0,0.0,0.0
143,0.18492457102550772,0.0,0.0,0.0,0.0,1.0,0.0,0.0,0.0,0.0,0.0,-0.18816396485356635,0.0,0.0,0.0,0.0,1.0,0.0,0.0,0.0,0.0,0.0,0.44649073105336823,0.0,0.0,0.0,0.0,0.0,0.0,1.0,0.3716728113805915,0.0,0.0,0.0,0.0,0.0,1.0,0.0,-0.0019258297911291537,0.0,1.0,0.0,0.0,0.0,0.0,0.0,0.0023422863581291447,1.0,0.0,0.0,0.0
144,-0.18822754148159945,0.0,0.0,0.0,0.0,0.0,0.0,0.0,0.0,0.0,1.0,-0.1719865336895765,0.0,0.0,0.0,0.0,0.0,0.0,0.0,0.0,0.0,1.0,0.06463142333424175,0.0,0.0,0.0,1.0,0.0,0.0,0.0,0.4086539219296052,0.0,0.0,1.0,0.0,0.0,0.0,0.0,-0.0019258297911291537,0.0,1.0,0.0,0.0,0.0,0.0,0.0,0.0023422863581291447,1.0,0.0,0.0,0.0
145,0.19762885298915217,0.0,0.0,0.0,0.0,1.0,0.0,0.0,0.0,0.0,0.0,0.0027343957515785218,0.0,0.0,0.0,0.0,0.0,0.0,1.0,0.0,0.0,0.0,0.4597057570483902,0.0,0.0,0.0,0.0,0.0,0.0,1.0,0.3414598063770997,0.0,0.0,1.0,0.0,0.0,0.0,0.0,-0.0019258297911291537,0.0,1.0,0.0,0.0,0.0,0.0,0.0,0.0023422863581291447,1.0,0.0,0.0,0.0
146,0.26049895959723873,0.0,0.0,0.0,0.0,0.0,0.0,1.0,0.0,0.0,0.0,0.08961909803549428,0.0,0.0,0.0,0.0,0.0,0.0,0.0,0.0,0.0,1.0,-0.3488867064597405,1.0,0.0,0.0,0.0,0.0,0.0,0.0,0.4224609319746404,0.0,0.0,1.0,0.0,0.0,0.0,0.0,-0.0019258297911291537,0.0,1.0,0.0,0.0,0.0,0.0,0.0,0.0023422863581291447,1.0,0.0,0.0,0.0
147,-0.17611823157150072,0.0,0.0,0.0,0.0,0.0,0.0,0.0,0.0,0.0,1.0,0.31268304079011583,0.0,1.0,0.0,0.0,0.0,0.0,0.0,0.0,0.0,0.0,-0.1638787166883471,0.0,0.0,0.0,1.0,0.0,0.0,0.0,0.33409606768641437,0.0,0.0,1.0,0.0,0.0,0.0,0.0,-0.0019258297911291537,0.0,1.0,0.0,0.0,0.0,0.0,0.0,0.0023422863581291447,1.0,0.0,0.0,0.0
148,-0.1568409292408852,0.0,0.0,0.0,0.0,0.0,0.0,0.0,0.0,0.0,1.0,-0.38649491313297435,1.0,0.0,0.0,0.0,0.0,0.0,0.0,0.0,0.0,0.0,0.06405034270249475,1.0,0.0,0.0,0.0,0.0,0.0,0.0,-0.16683167109588132,0.0,0.0,0.0,0.0,1.0,0.0,0.0,-0.0019258297911291537,0.0,1.0,0.0,0.0,0.0,0.0,0.0,0.0023422863581291447,1.0,0.0,0.0,0.0
149,-0.15097651182084615,0.0,0.0,0.0,0.0,0.0,0.0,0.0,0.0,0.0,1.0,0.11196888647460561,0.0,0.0,0.0,0.0,1.0,0.0,0.0,0.0,0.0,0.0,-0.27539754738718847,1.0,0.0,0.0,0.0,0.0,0.0,0.0,-0.05304334605892749,0.0,0.0,0.0,0.0,1.0,0.0,0.0,-0.0019258297911291537,0.0,1.0,0.0,0.0,0.0,0.0,0.0,0.0023422863581291447,1.0,0.0,0.0,0.0
150,0.28084896752766036,0.0,0.0,0.0,0.0,0.0,0.0,1.0,0.0,0.0,0.0,-0.2684060458964274,0.0,0.0,0.0,0.0,1.0,0.0,0.0,0.0,0.0,0.0,-0.08386856597016745,1.0,0.0,0.0,0.0,0.0,0.0,0.0,-0.14924620268107922,0.0,0.0,0.0,0.0,1.0,0.0,0.0,-0.0019258297911291537,0.0,1.0,0.0,0.0,0.0,0.0,0.0,0.0023422863581291447,1.0,0.0,0.0,0.0
151,-0.1322803980648671,0.0,0.0,0.0,0.0,0.0,0.0,0.0,0.0,0.0,1.0,0.15995212485281385,0.0,0.0,0.0,0.0,0.0,0.0,1.0,0.0,0.0,0.0,-0.1148972183545736,1.0,0.0,0.0,0.0,0.0,0.0,0.0,-0.1999337292884497,0.0,0.0,0.0,0.0,1.0,0.0,0.0,-0.0019258297911291537,0.0,1.0,0.0,0.0,0.0,0.0,0.0,0.0023422863581291447,1.0,0.0,0.0,0.0
152,-0.12808484815068083,0.0,0.0,0.0,0.0,0.0,0.0,0.0,0.0,0.0,1.0,-0.2776156384595694,1.0,0.0,0.0,0.0,0.0,0.0,0.0,0.0,0.0,0.0,-0.1148972183545736,1.0,0.0,0.0,0.0,0.0,0.0,0.0,-0.07373213242928263,0.0,0.0,0.0,0.0,1.0,0.0,0.0,-0.0019258297911291537,0.0,1.0,0.0,0.0,0.0,0.0,0.0,0.0023422863581291447,1.0,0.0,0.0,0.0
153,0.23917798357520714,0.0,0.0,0.0,0.0,1.0,0.0,0.0,0.0,0.0,0.0,-0.5454338171559613,1.0,0.0,0.0,0.0,0.0,0.0,0.0,0.0,0.0,0.0,0.10392574051312298,0.0,0.0,0.0,1.0,0.0,0.0,0.0,-0.24855237725878435,0.0,0.0,0.0,0.0,1.0,0.0,0.0,-0.0019258297911291537,0.0,1.0,0.0,0.0,0.0,0.0,0.0,0.0023422863581291447,1.0,0.0,0.0,0.0
154,-0.11970103595333824,0.0,0.0,0.0,0.0,0.0,0.0,0.0,0.0,0.0,1.0,0.23304941458030176,0.0,0.0,0.0,0.0,1.0,0.0,0.0,0.0,0.0,0.0,-0.10929455978933408,0.0,0.0,0.0,0.0,0.0,0.0,1.0,-0.1430395667699728,0.0,0.0,0.0,0.0,1.0,0.0,0.0,-0.0019258297911291537,0.0,1.0,0.0,0.0,0.0,0.0,0.0,0.0023422863581291447,1.0,0.0,0.0,0.0
155,-0.10130189316182862,0.0,0.0,0.0,0.0,0.0,0.0,0.0,0.0,0.0,1.0,0.5794606422625087,0.0,0.0,0.0,1.0,0.0,0.0,0.0,0.0,0.0,0.0,-0.0283853894975267,0.0,0.0,0.0,0.0,0.0,0.0,1.0,-0.13062629494775954,0.0,0.0,0.0,0.0,1.0,0.0,0.0,-0.0019258297911291537,0.0,1.0,0.0,0.0,0.0,0.0,0.0,0.0023422863581291447,1.0,0.0,0.0,0.0
156,0.25828582484742585,0.0,0.0,0.0,0.0,1.0,0.0,0.0,0.0,0.0,0.0,0.07810765036954623,0.0,0.0,0.0,0.0,0.0,0.0,0.0,0.0,0.0,1.0,-0.29800909085243377,1.0,0.0,0.0,0.0,0.0,0.0,0.0,-0.2247602729328758,0.0,0.0,0.0,0.0,1.0,0.0,0.0,-0.0019258297911291537,0.0,1.0,0.0,0.0,0.0,0.0,0.0,0.0023422863581291447,1.0,0.0,0.0,0.0
157,0.32333281591109986,0.0,0.0,0.0,0.0,0.0,0.0,1.0,0.0,0.0,0.0,-0.4627517164009101,0.0,1.0,0.0,0.0,0.0,0.0,0.0,0.0,0.0,0.0,0.07900376532954505,0.0,0.0,0.0,1.0,0.0,0.0,0.0,0.3785969983532389,0.0,0.0,0.0,0.0,0.0,1.0,0.0,-0.0019258297911291537,0.0,1.0,0.0,0.0,0.0,0.0,0.0,0.0023422863581291447,1.0,0.0,0.0,0.0
158,-0.07184134107206488,0.0,0.0,0.0,0.0,0.0,0.0,0.0,0.0,0.0,1.0,0.0027343957515785218,0.0,0.0,0.0,0.0,0.0,0.0,1.0,0.0,0.0,0.0,-0.24304902843774004,1.0,0.0,0.0,0.0,0.0,0.0,0.0,0.33041419834107133,0.0,0.0,1.0,0.0,0.0,0.0,0.0,-0.0019258297911291537,0.0,1.0,0.0,0.0,0.0,0.0,0.0,0.0023422863581291447,1.0,0.0,0.0,0.0
159,-0.06586183981201162,0.0,0.0,0.0,0.0,0.0,0.0,0.0,0.0,0.0,1.0,0.0685200673393971,0.0,0.0,0.0,0.0,0.0,0.0,0.0,0.0,0.0,1.0,-0.10615445673929483,1.0,0.0,0.0,0.0,0.0,0.0,0.0,-0.08614540425149586,0.0,0.0,0.0,0.0,1.0,0.0,0.0,-0.0019258297911291537,0.0,1.0,0.0,0.0,0.0,0.0,0.0,0.0023422863581291447,1.0,0.0,0.0,0.0
160,0.28803205547322136,0.0,0.0,0.0,0.0,1.0,0.0,0.0,0.0,0.0,0.0,-0.19658831692199177,0.0,0.0,0.0,0.0,1.0,0.0,0.0,0.0,0.0,0.0,-0.06229367355513361,1.0,0.0,0.0,0.0,0.0,0.0,0.0,-0.2216569549773224,0.0,0.0,0.0,0.0,1.0,0.0,0.0,-0.0019258297911291537,0.0,1.0,0.0,0.0,0.0,0.0,0.0,0.0023422863581291447,1.0,0.0,0.0,0.0
161,-0.05147696711281889,0.0,0.0,0.0,0.0,0.0,0.0,0.0,0.0,0.0,1.0,-0.5940814000829381,1.0,0.0,0.0,0.0,0.0,0.0,0.0,0.0,0.0,0.0,0.5920320379442463,0.0,0.0,0.0,0.0,0.0,0.0,1.0,-0.2785511174957993,0.0,0.0,0.0,0.0,1.0,0.0,0.0,-0.0019258297911291537,0.0,1.0,0.0,0.0,0.0,0.0,0.0,0.0023422863581291447,1.0,0.0,0.0,0.0
162,-0.04562317748803183,0.0,0.0,0.0,0.0,0.0,0.0,0.0,0.0,0.0,1.0,-0.2774898646032232,0.0,0.0,0.0,0.0,0.0,0.0,0.0,0.0,0.0,1.0,0.31979809542311805,0.0,0.0,0.0,0.0,0.0,0.0,1.0,-0.17303830700698775,0.0,0.0,0.0,0.0,1.0,0.0,0.0,-0.0019258297911291537,0.0,1.0,0.0,0.0,0.0,0.0,0.0,0.0023422863581291447,1.0,0.0,0.0,0.0
163,-0.04219677629879554,0.0,0.0,0.0,0.0,0.0,0.0,0.0,0.0,0.0,1.0,0.07980045815182522,0.0,0.0,0.0,0.0,1.0,0.0,0.0,0.0,0.0,0.0,0.31979809542311805,0.0,0.0,0.0,0.0,0.0,0.0,1.0,0.3930059772118983,0.0,0.0,1.0,0.0,0.0,0.0,0.0,-0.0019258297911291537,0.0,1.0,0.0,0.0,0.0,0.0,0.0,0.0023422863581291447,1.0,0.0,0.0,0.0
164,0.31521007598914136,0.0,0.0,0.0,0.0,1.0,0.0,0.0,0.0,0.0,0.0,-0.12946629742186888,0.0,0.0,0.0,0.0,0.0,0.0,0.0,1.0,0.0,0.0,-0.04961104415186392,0.0,0.0,0.0,0.0,0.0,0.0,1.0,-0.16476279245884584,0.0,0.0,0.0,0.0,1.0,0.0,0.0,-0.0019258297911291537,0.0,1.0,0.0,0.0,0.0,0.0,0.0,0.0023422863581291447,1.0,0.0,0.0,0.0
165,0.0024742763555928205,0.0,0.0,0.0,0.0,0.0,0.0,0.0,0.0,0.0,1.0,0.07477534635653446,0.0,0.0,0.0,0.0,0.0,0.0,0.0,0.0,0.0,1.0,0.07509584810520245,1.0,0.0,0.0,0.0,0.0,0.0,0.0,-0.1720038676884702,0.0,0.0,0.0,0.0,1.0,0.0,0.0,-0.0019258297911291537,0.0,1.0,0.0,0.0,0.0,0.0,0.0,0.0023422863581291447,1.0,0.0,0.0,0.0
166,0.33401252987129865,0.0,0.0,0.0,0.0,1.0,0.0,0.0,0.0,0.0,0.0,0.2908808676475237,0.0,0.0,0.0,0.0,1.0,0.0,0.0,0.0,0.0,0.0,-0.1310159734072007,1.0,0.0,0.0,0.0,0.0,0.0,0.0,-0.16269391382181,0.0,0.0,0.0,0.0,1.0,0.0,0.0,-0.0019258297911291537,0.0,1.0,0.0,0.0,0.0,0.0,0.0,0.0023422863581291447,1.0,0.0,0.0,0.0
167,0.33463225602004626,0.0,0.0,0.0,0.0,1.0,0.0,0.0,0.0,0.0,0.0,-0.047944220292838444,0.0,0.0,0.0,0.0,1.0,0.0,0.0,0.0,0.0,0.0,0.002799736687964061,0.0,0.0,0.0,1.0,0.0,0.0,0.0,0.3239709269867215,0.0,0.0,1.0,0.0,0.0,0.0,0.0,-0.0019258297911291537,0.0,1.0,0.0,0.0,0.0,0.0,0.0,0.0023422863581291447,1.0,0.0,0.0,0.0
168,0.02642477208414762,0.0,0.0,0.0,0.0,0.0,0.0,0.0,0.0,0.0,1.0,-0.26502345464629795,0.0,0.0,0.0,0.0,0.0,0.0,0.0,0.0,0.0,1.0,0.008883812866787296,1.0,0.0,0.0,0.0,0.0,0.0,0.0,-0.2868266320439416,0.0,0.0,0.0,0.0,1.0,0.0,0.0,-0.0019258297911291537,0.0,1.0,0.0,0.0,0.0,0.0,0.0,0.0023422863581291447,1.0,0.0,0.0,0.0
169,0.028078760676647625,0.0,0.0,0.0,0.0,0.0,0.0,0.0,0.0,0.0,1.0,0.26632497260119947,0.0,0.0,0.0,0.0,0.0,0.0,1.0,0.0,0.0,0.0,0.008883812866787296,1.0,0.0,0.0,0.0,0.0,0.0,0.0,0.42706326865631894,0.0,0.0,1.0,0.0,0.0,0.0,0.0,-0.0019258297911291537,0.0,1.0,0.0,0.0,0.0,0.0,0.0,0.0023422863581291447,1.0,0.0,0.0,0.0
170,0.34769646627095463,0.0,0.0,0.0,0.0,1.0,0.0,0.0,0.0,0.0,0.0,-0.0171066802564083,0.0,0.0,0.0,0.0,1.0,0.0,0.0,0.0,0.0,0.0,0.008883812866787296,1.0,0.0,0.0,0.0,0.0,0.0,0.0,-0.12545409835517068,0.0,0.0,0.0,0.0,1.0,0.0,0.0,-0.0019258297911291537,0.0,1.0,0.0,0.0,0.0,0.0,0.0,0.0023422863581291447,1.0,0.0,0.0,0.0
171,0.057334044492401814,0.0,0.0,0.0,0.0,0.0,0.0,0.0,0.0,0.0,1.0,-0.2844532736587167,0.0,0.0,0.0,0.0,0.0,0.0,0.0,0.0,0.0,1.0,-0.06741638308773511,1.0,0.0,0.0,0.0,0.0,0.0,0.0,-0.136832930858866,0.0,0.0,0.0,0.0,1.0,0.0,0.0,-0.0019258297911291537,0.0,1.0,0.0,0.0,0.0,0.0,0.0,0.0023422863581291447,1.0,0.0,0.0,0.0
172,0.3692351245532257,0.0,0.0,0.0,0.0,1.0,0.0,0.0,0.0,0.0,0.0,0.0027343957515785218,0.0,0.0,0.0,0.0,0.0,0.0,1.0,0.0,0.0,0.0,-0.13856211686691994,1.0,0.0,0.0,0.0,0.0,0.0,0.0,-0.211312561792145,0.0,0.0,0.0,0.0,1.0,0.0,0.0,-0.0019258297911291537,0.0,1.0,0.0,0.0,0.0,0.0,0.0,0.0023422863581291447,1.0,0.0,0.0,0.0
173,0.06656747300731648,0.0,0.0,0.0,0.0,0.0,0.0,0.0,0.0,0.0,1.0,0.06468565155098213,0.0,0.0,0.0,0.0,0.0,0.0,0.0,0.0,0.0,1.0,-0.0283853894975267,0.0,0.0,0.0,0.0,0.0,0.0,1.0,0.34613987191895407,0.0,0.0,0.0,0.0,0.0,1.0,0.0,-0.0019258297911291537,0.0,1.0,0.0,0.0,0.0,0.0,0.0,0.0023422863581291447,1.0,0.0,0.0,0.0
174,0.07903660969951774,0.0,0.0,0.0,0.0,0.0,0.0,0.0,0.0,0.0,1.0,-0.20649959417991176,0.0,0.0,0.0,0.0,0.0,0.0,1.0,0.0,0.0,0.0,-0.09115612353209127,1.0,0.0,0.0,0.0,0.0,0.0,0.0,-0.267172284992104,0.0,0.0,0.0,0.0,1.0,0.0,0.0,-0.0019258297911291537,0.0,1.0,0.0,0.0,0.0,0.0,0.0,0.0023422863581291447,1.0,0.0,0.0,0.0
175,0.08008268840360486,0.0,0.0,0.0,0.0,0.0,0.0,0.0,0.0,0.0,1.0,0.22322248710290943,0.0,1.0,0.0,0.0,0.0,0.0,0.0,0.0,0.0,0.0,-0.09115612353209127,1.0,0.0,0.0,0.0,0.0,0.0,0.0,-0.32096312955502754,0.0,0.0,0.0,0.0,1.0,0.0,0.0,-0.0019258297911291537,0.0,1.0,0.0,0.0,0.0,0.0,0.0,0.0023422863581291447,1.0,0.0,0.0,0.0
176,0.08687597512866638,0.0,0.0,0.0,0.0,0.0,0.0,0.0,0.0,0.0,1.0,-0.17998968942554633,0.0,0.0,0.0,0.0,0.0,0.0,1.0,0.0,0.0,0.0,-0.05974227597616795,1.0,0.0,0.0,0.0,0.0,0.0,0.0,-0.17407274632550568,0.0,0.0,0.0,0.0,1.0,0.0,0.0,-0.0019258297911291537,0.0,1.0,0.0,0.0,0.0,0.0,0.0,0.0023422863581291447,1.0,0.0,0.0,0.0
177,0.38910966095673005,0.0,0.0,0.0,0.0,1.0,0.0,0.0,0.0,0.0,0.0,-0.10630336617833147,0.0,0.0,0.0,0.0,0.0,0.0,1.0,0.0,0.0,0.0,-0.05974227597616795,1.0,0.0,0.0,0.0,0.0,0.0,0.0,-0.24131130202915999,0.0,0.0,0.0,0.0,1.0,0.0,0.0,-0.0019258297911291537,0.0,1.0,0.0,0.0,0.0,0.0,0.0,0.0023422863581291447,1.0,0.0,0.0,0.0
178,0.39750271398501574,0.0,0.0,0.0,0.0,1.0,0.0,0.0,0.0,0.0,0.0,0.05940417767975617,0.0,0.0,0.0,0.0,0.0,0.0,0.0,0.0,0.0,1.0,-0.10172669367188394,1.0,0.0,0.0,0.0,0.0,0.0,0.0,-0.2754477995402463,0.0,0.0,0.0,0.0,1.0,0.0,0.0,-0.0019258297911291537,0.0,1.0,0.0,0.0,0.0,0.0,0.0,0.0023422863581291447,1.0,0.0,0.0,0.0
179,0.11085228121711883,0.0,0.0,0.0,0.0,0.0,0.0,0.0,0.0,0.0,1.0,0.0027343957515785218,0.0,0.0,0.0,0.0,0.0,0.0,1.0,0.0,0.0,0.0,-0.10172669367188394,1.0,0.0,0.0,0.0,0.0,0.0,0.0,-0.2537245738513732,0.0,0.0,0.0,0.0,1.0,0.0,0.0,-0.0019258297911291537,0.0,1.0,0.0,0.0,0.0,0.0,0.0,0.0023422863581291447,1.0,0.0,0.0,0.0
180,0.13153336347487363,0.0,0.0,0.0,0.0,0.0,0.0,0.0,0.0,0.0,1.0,-0.46672231895727156,0.0,0.0,0.0,0.0,0.0,0.0,1.0,0.0,0.0,0.0,-0.17528688235283144,1.0,0.0,0.0,0.0,0.0,0.0,0.0,0.3175276556323716,0.0,0.0,1.0,0.0,0.0,0.0,0.0,-0.0019258297911291537,0.0,1.0,0.0,0.0,0.0,0.0,0.0,0.0023422863581291447,1.0,0.0,0.0,0.0
181,0.4489407525253842,0.0,0.0,0.0,0.0,0.0,0.0,1.0,0.0,0.0,0.0,0.2539006912913374,0.0,0.0,0.0,0.0,1.0,0.0,0.0,0.0,0.0,0.0,-0.17528688235283144,1.0,0.0,0.0,0.0,0.0,0.0,0.0,0.34974401240412095,0.0,0.0,1.0,0.0,0.0,0.0,0.0,-0.0019258297911291537,0.0,1.0,0.0,0.0,0.0,0.0,0.0,0.0023422863581291447,1.0,0.0,0.0,0.0
182,0.14112631512059792,0.0,0.0,0.0,0.0,0.0,0.0,0.0,0.0,0.0,1.0,0.28829896556002615,0.0,0.0,0.0,0.0,1.0,0.0,0.0,0.0,0.0,0.0,-0.24643136207819571,1.0,0.0,0.0,0.0,0.0,0.0,0.0,-0.2620000883995151,0.0,0.0,0.0,0.0,1.0,0.0,0.0,-0.0019258297911291537,0.0,1.0,0.0,0.0,0.0,0.0,0.0,0.0023422863581291447,1.0,0.0,0.0,0.0
183,0.15931654582258303,0.0,0.0,0.0,0.0,0.0,0.0,0.0,0.0,0.0,1.0,-0.10315295675925018,0.0,0.0,0.0,0.0,0.0,0.0,1.0,0.0,0.0,0.0,-0.0283853894975267,0.0,0.0,0.0,0.0,0.0,0.0,1.0,-0.3499274304735249,0.0,0.0,0.0,0.0,1.0,0.0,0.0,-0.0019258297911291537,0.0,1.0,0.0,0.0,0.0,0.0,0.0,0.0023422863581291447,1.0,0.0,0.0,0.0
184,0.16578796217715622,0.0,0.0,0.0,0.0,0.0,0.0,0.0,0.0,0.0,1.0,-0.3813730635453877,1.0,0.0,0.0,0.0,0.0,0.0,0.0,0.0,0.0,0.0,-0.02541661577325569,1.0,0.0,0.0,0.0,0.0,0.0,0.0,0.42522233398364756,0.0,0.0,1.0,0.0,0.0,0.0,0.0,-0.0019258297911291537,0.0,1.0,0.0,0.0,0.0,0.0,0.0,0.0023422863581291447,1.0,0.0,0.0,0.0
185,0.17061662503706718,0.0,0.0,0.0,0.0,0.0,0.0,0.0,0.0,0.0,1.0,-0.4709953605172745,0.0,0.0,0.0,0.0,0.0,0.0,0.0,0.0,0.0,1.0,-0.03971473548922237,1.0,0.0,0.0,0.0,0.0,0.0,0.0,0.42614280131998344,0.0,0.0,1.0,0.0,0.0,0.0,0.0,-0.0019258297911291537,0.0,1.0,0.0,0.0,0.0,0.0,0.0,0.0023422863581291447,1.0,0.0,0.0,0.0
186,0.180369297262864,0.0,0.0,0.0,0.0,0.0,0.0,0.0,0.0,0.0,1.0,-0.1645503336215398,0.0,0.0,0.0,0.0,0.0,0.0,0.0,0.0,0.0,1.0,-0.3121041541737785,1.0,0.0,0.0,0.0,0.0,0.0,0.0,0.3552278673205539,0.0,0.0,0.0,0.0,0.0,1.0,0.0,-0.0019258297911291537,0.0,1.0,0.0,0.0,0.0,0.0,0.0,0.0023422863581291447,1.0,0.0,0.0,0.0
187,0.1870723995539302,0.0,0.0,0.0,0.0,0.0,0.0,0.0,0.0,0.0,1.0,0.034960192646193815,0.0,0.0,0.0,0.0,0.0,0.0,0.0,0.0,0.0,1.0,-0.3121041541737785,1.0,0.0,0.0,0.0,0.0,0.0,0.0,0.41417672594761923,0.0,0.0,1.0,0.0,0.0,0.0,0.0,-0.0019258297911291537,0.0,1.0,0.0,0.0,0.0,0.0,0.0,0.0023422863581291447,1.0,0.0,0.0,0.0
188,0.1910821148768534,0.0,0.0,0.0,0.0,0.0,0.0,0.0,0.0,0.0,1.0,0.19600576423433236,0.0,1.0,0.0,0.0,0.0,0.0,0.0,0.0,0.0,0.0,-0.0283853894975267,0.0,0.0,0.0,0.0,0.0,0.0,1.0,-0.20820924383659162,0.0,0.0,0.0,0.0,1.0,0.0,0.0,-0.0019258297911291537,0.0,1.0,0.0,0.0,0.0,0.0,0.0,0.0023422863581291447,1.0,0.0,0.0,0.0
189,0.21238477133120218,0.0,0.0,0.0,0.0,0.0,0.0,0.0,0.0,0.0,1.0,0.3603443418966837,0.0,0.0,0.0,0.0,0.0,0.0,1.0,0.0,0.0,0.0,-0.29099561929352724,1.0,0.0,0.0,0.0,0.0,0.0,0.0,-0.12855741631072407,0.0,0.0,0.0,0.0,1.0,0.0,0.0,-0.0019258297911291537,0.0,1.0,0.0,0.0,0.0,0.0,0.0,0.0023422863581291447,1.0,0.0,0.0,0.0
190,0.21741779151124396,0.0,0.0,0.0,0.0,0.0,0.0,0.0,0.0,0.0,1.0,-0.16859975970848712,0.0,0.0,0.0,0.0,1.0,0.0,0.0,0.0,0.0,0.0,-0.160249422666427,1.0,0.0,0.0,0.0,0.0,0.0,0.0,-0.17717606428105873,0.0,0.0,0.0,0.0,1.0,0.0,0.0,-0.0019258297911291537,0.0,1.0,0.0,0.0,0.0,0.0,0.0,0.0023422863581291447,1.0,0.0,0.0,0.0
191,0.2210849881757607,0.0,0.0,0.0,0.0,0.0,0.0,0.0,0.0,0.0,1.0,-0.3012457205578456,0.0,0.0,0.0,0.0,1.0,0.0,0.0,0.0,0.0,0.0,-0.10430588108351278,1.0,0.0,0.0,0.0,0.0,0.0,0.0,0.3948469118845696,0.0,0.0,1.0,0.0,0.0,0.0,0.0,-0.0019258297911291537,0.0,1.0,0.0,0.0,0.0,0.0,0.0,0.0023422863581291447,1.0,0.0,0.0,0.0
192,0.24073608524795279,0.0,0.0,0.0,0.0,0.0,0.0,0.0,0.0,0.0,1.0,-0.13961108792827606,0.0,0.0,0.0,0.0,0.0,0.0,0.0,0.0,0.0,1.0,0.006283908486043139,1.0,0.0,0.0,0.0,0.0,0.0,0.0,-0.18648601814771854,0.0,0.0,0.0,0.0,1.0,0.0,0.0,-0.0019258297911291537,0.0,1.0,0.0,0.0,0.0,0.0,0.0,0.0023422863581291447,1.0,0.0,0.0,0.0
193,0.24415125133935128,0.0,0.0,0.0,0.0,0.0,0.0,0.0,0.0,0.0,1.0,0.15051900217177208,0.0,0.0,0.0,0.0,0.0,0.0,0.0,1.0,0.0,0.0,-0.0283853894975267,0.0,0.0,0.0,0.0,0.0,0.0,1.0,-0.293033267955048,0.0,0.0,0.0,0.0,1.0,0.0,0.0,-0.0019258297911291537,0.0,1.0,0.0,0.0,0.0,0.0,0.0,0.0023422863581291447,1.0,0.0,0.0,0.0
194,0.24922465714135056,0.0,0.0,0.0,0.0,0.0,0.0,0.0,0.0,0.0,1.0,-0.04060843901137574,0.0,0.0,0.0,0.0,0.0,0.0,1.0,0.0,0.0,0.0,0.07178730299154738,1.0,0.0,0.0,0.0,0.0,0.0,0.0,0.4445521480466972,0.0,0.0,1.0,0.0,0.0,0.0,0.0,-0.0019258297911291537,0.0,1.0,0.0,0.0,0.0,0.0,0.0,0.0023422863581291447,1.0,0.0,0.0,0.0
195,0.32520063983865943,0.0,0.0,0.0,0.0,0.0,0.0,0.0,0.0,0.0,1.0,0.06500210146816487,0.0,0.0,0.0,0.0,0.0,0.0,0.0,1.0,0.0,0.0,-0.43967326468129553,0.0,0.0,0.0,0.0,0.0,0.0,1.0,0.29810332479621254,0.0,0.0,0.0,0.0,0.0,1.0,0.0,-0.0019258297911291537,0.0,1.0,0.0,0.0,0.0,0.0,0.0,0.0023422863581291447,1.0,0.0,0.0,0.0
196,0.33225810318855575,0.0,0.0,0.0,0.0,0.0,0.0,0.0,0.0,0.0,1.0,0.0027343957515785218,0.0,0.0,0.0,0.0,0.0,0.0,1.0,0.0,0.0,0.0,-0.43967326468129553,0.0,0.0,0.0,0.0,0.0,0.0,1.0,0.25309494208887334,0.0,0.0,1.0,0.0,0.0,0.0,0.0,-0.0019258297911291537,0.0,1.0,0.0,0.0,0.0,0.0,0.0,0.0023422863581291447,1.0,0.0,0.0,0.0
197,0.34405161575402443,0.0,0.0,0.0,0.0,0.0,0.0,0.0,0.0,0.0,1.0,0.05157175731405025,0.0,0.0,0.0,0.0,1.0,0.0,0.0,0.0,0.0,0.0,-0.03863569741987667,1.0,0.0,0.0,0.0,0.0,0.0,0.0,0.28439083152428685,0.0,0.0,1.0,0.0,0.0,0.0,0.0,-0.0019258297911291537,0.0,1.0,0.0,0.0,0.0,0.0,0.0,0.0023422863581291447,1.0,0.0,0.0,0.0
198,0.3463019754858066,0.0,0.0,0.0,0.0,0.0,0.0,0.0,0.0,0.0,1.0,-0.19329495755194356,0.0,0.0,0.0,0.0,1.0,0.0,0.0,0.0,0.0,0.0,-0.0676043908365105,1.0,0.0,0.0,0.0,0.0,0.0,0.0,0.16841194714599,0.0,0.0,1.0,0.0,0.0,0.0,0.0,-0.0019258297911291537,0.0,1.0,0.0,0.0,0.0,0.0,0.0,0.0023422863581291447,1.0,0.0,0.0,0.0
199,0.5735925803733171,0.0,0.0,0.0,0.0,1.0,0.0,0.0,0.0,0.0,0.0,-0.44069968206661725,0.0,0.0,0.0,0.0,0.0,0.0,1.0,0.0,0.0,0.0,0.056116495963617286,1.0,0.0,0.0,0.0,0.0,0.0,0.0,-0.5557369267015477,1.0,0.0,0.0,0.0,0.0,0.0,0.0,-0.0019258297911291537,0.0,1.0,0.0,0.0,0.0,0.0,0.0,0.0023422863581291447,1.0,0.0,0.0,0.0
200,0.3652400993222377,0.0,0.0,0.0,0.0,0.0,0.0,0.0,0.0,0.0,1.0,-0.10948242761990369,0.0,0.0,0.0,0.0,0.0,0.0,0.0,1.0,0.0,0.0,0.056116495963617286,1.0,0.0,0.0,0.0,0.0,0.0,0.0,-0.2919988286365301,0.0,0.0,0.0,0.0,1.0,0.0,0.0,-0.0019258297911291537,0.0,1.0,0.0,0.0,0.0,0.0,0.0,0.0023422863581291447,1.0,0.0,0.0,0.0
201,0.37246700009357975,0.0,0.0,0.0,0.0,0.0,0.0,0.0,0.0,0.0,1.0,-0.29577993649348894,1.0,0.0,0.0,0.0,0.0,0.0,0.0,0.0,0.0,0.0,-0.05961983016113039,1.0,0.0,0.0,0.0,0.0,0.0,0.0,-0.27648223885876383,0.0,0.0,0.0,0.0,1.0,0.0,0.0,-0.0019258297911291537,0.0,1.0,0.0,0.0,0.0,0.0,0.0,0.0023422863581291447,1.0,0.0,0.0,0.0
202,0.5845042987269966,0.0,0.0,0.0,0.0,1.0,0.0,0.0,0.0,0.0,0.0,-0.047661975371461406,0.0,0.0,0.0,0.0,0.0,0.0,0.0,1.0,0.0,0.0,-0.009553637537865997,1.0,0.0,0.0,0.0,0.0,0.0,0.0,-0.188554896784754,0.0,0.0,0.0,0.0,1.0,0.0,0.0,-0.0019258297911291537,0.0,1.0,0.0,0.0,0.0,0.0,0.0,0.0023422863581291447,1.0,0.0,0.0,0.0
203,-0.02856141976790469,0.0,0.0,1.0,0.0,0.0,0.0,0.0,0.0,0.0,0.0,-0.16241620500645695,0.0,0.0,0.0,0.0,0.0,0.0,1.0,0.0,0.0,0.0,-0.014970798907530357,1.0,0.0,0.0,0.0,0.0,0.0,0.0,0.519110002289888,0.0,0.0,1.0,0.0,0.0,0.0,0.0,-0.0019258297911291537,0.0,1.0,0.0,0.0,0.0,0.0,0.0,0.0023422863581291447,1.0,0.0,0.0,0.0
204,-0.025257504953173353,0.0,0.0,1.0,0.0,0.0,0.0,0.0,0.0,0.0,0.0,0.24211381078503658,0.0,0.0,0.0,0.0,0.0,0.0,0.0,0.0,0.0,1.0,0.029696641856155212,1.0,0.0,0.0,0.0,0.0,0.0,0.0,-0.48897691586266545,1.0,0.0,0.0,0.0,0.0,0.0,0.0,-0.0019258297911291537,0.0,1.0,0.0,0.0,0.0,0.0,0.0,0.0023422863581291447,1.0,0.0,0.0,0.0
205,-0.011382522218795835,0.0,0.0,1.0,0.0,0.0,0.0,0.0,0.0,0.0,0.0,-0.17595848446345125,0.0,0.0,0.0,1.0,0.0,0.0,0.0,0.0,0.0,0.0,0.04560130484053967,1.0,0.0,0.0,0.0,0.0,0.0,0.0,0.2504232272723756,0.0,0.0,0.0,1.0,0.0,0.0,0.0,0.004223961620334448,0.0,0.0,0.0,1.0,0.0,0.0,0.0,0.19888981314568524,0.0,1.0,0.0,0.0
206,-0.009601217732267025,0.0,0.0,1.0,0.0,0.0,0.0,0.0,0.0,0.0,0.0,0.38536699389545304,0.0,0.0,0.0,0.0,0.0,0.0,1.0,0.0,0.0,0.0,-0.0283853894975267,0.0,0.0,0.0,0.0,0.0,0.0,1.0,-0.3054465397772613,0.0,0.0,0.0,0.0,1.0,0.0,0.0,-0.0019258297911291537,0.0,1.0,0.0,0.0,0.0,0.0,0.0,0.0023422863581291447,1.0,0.0,0.0,0.0
207,0.006849395557294204,0.0,0.0,1.0,0.0,0.0,0.0,0.0,0.0,0.0,0.0,-0.4718815645057709,1.0,0.0,0.0,0.0,0.0,0.0,0.0,0.0,0.0,0.0,-0.02812050629679905,1.0,0.0,0.0,0.0,0.0,0.0,0.0,-0.2361391054365711,0.0,0.0,0.0,0.0,1.0,0.0,0.0,-0.0019258297911291537,0.0,1.0,0.0,0.0,0.0,0.0,0.0,0.0023422863581291447,1.0,0.0,0.0,0.0
208,0.010305826815157255,0.0,0.0,1.0,0.0,0.0,0.0,0.0,0.0,0.0,0.0,0.2961578751223764,0.0,0.0,0.0,0.0,0.0,0.0,1.0,0.0,0.0,0.0,-0.02812050629679905,1.0,0.0,0.0,0.0,0.0,0.0,0.0,0.3773580324941917,0.0,0.0,1.0,0.0,0.0,0.0,0.0,-0.0019258297911291537,0.0,1.0,0.0,0.0,0.0,0.0,0.0,0.0023422863581291447,1.0,0.0,0.0,0.0
209,0.016345550937547953,0.0,0.0,1.0,0.0,0.0,0.0,0.0,0.0,0.0,0.0,0.19907860223917515,0.0,0.0,0.0,0.0,0.0,0.0,1.0,0.0,0.0,0.0,0.11865187676402687,0.0,0.0,0.0,1.0,0.0,0.0,0.0,-0.3395830372883472,0.0,0.0,0.0,0.0,1.0,0.0,0.0,-0.0019258297911291537,0.0,1.0,0.0,0.0,0.0,0.0,0.0,0.0023422863581291447,1.0,0.0,0.0,0.0
210,0.06626075297894785,0.0,0.0,1.0,0.0,0.0,0.0,0.0,0.0,0.0,0.0,0.30066972523048413,0.0,0.0,0.0,0.0,0.0,0.0,1.0,0.0,0.0,0.0,-0.15178335548611224,1.0,0.0,0.0,0.0,0.0,0.0,0.0,0.35802821843114213,0.0,0.0,1.0,0.0,0.0,0.0,0.0,0.0018303273015054932,0.0,0.0,0.0,0.0,1.0,0.0,0.0,-0.005131164253307238,0.0,0.0,0.0,1.0
211,0.07200566062753369,0.0,0.0,1.0,0.0,0.0,0.0,0.0,0.0,0.0,0.0,-0.42673235773642954,0.0,0.0,0.0,0.0,1.0,0.0,0.0,0.0,0.0,0.0,-0.1859518576642344,1.0,0.0,0.0,0.0,0.0,0.0,0.0,0.3069415367852533,0.0,0.0,0.0,0.0,1.0,0.0,0.0,0.004223961620334448,0.0,0.0,0.0,1.0,0.0,0.0,0.0,0.19888981314568524,0.0,1.0,0.0,0.0
