Timestamp_cubic,Vazao,Vazao_bbr,Atraso(ms),Hop_count,Bottleneck
1705428405,772068284.0,884533670.0,24.82,7,3.0
1705434600,580491586.0,884533670.0,19.59,7,3.0
1705439588,708270504.0,884533670.0,24.29,7,3.0
1705452290,568329158.0,877449581.0,20.46,7,3.0
1705458268,696832853.0,889875846.0,20.86,7,3.0
1705472346,1194710036.3930092,893654079.0,28.2,7,3.0
1705479948,720055735.0,893654079.0,18.05,7,3.0
1705513747,737571345.0,876507001.0,22.92,7,3.0
1705570191,777211448.0,894258566.0,30.16,7,3.0
1705583039,1184734763.8888597,894258566.0,20.64,7,3.0
1705611535,542534632.0,812805068.0,12.78,7,3.0
1705665587,78486258.0,890245742.0,38.89,7,3.0
1705716768,746272285.0,885471597.0,26.82,7,3.0
1705791166,707494426.0,886207108.0,24.44,7,3.0
1705805412,770932304.0,886207108.0,24.38,7,3.0
1705834845,736889694.0,896896252.0,24.89,7,3.0
1705838271,1194710036.3930092,896896252.0,23.66,7,3.0
1705872885,816469660.0,894020993.0,12.54,7,3.0
1705881338,681207364.0,894020993.0,19.79,7,3.0
1705952192,320341457.0,887141559.0,15.4,7,3.0
1705961096,563138726.0,887141559.0,23.49,7,3.0
1706009662,691223027.0,887356020.0,28.88,7,3.0
1706032158,660482606.0,901565689.0,23.12,7,3.0
1706052913,156133544.0,896429684.0,49.28,7,3.0
1706059561,720163761.0,896429684.0,28.3,7,3.0
1706083377,779198189.0,827745853.0,19.35,7,3.0
1706124666,736569522.0,890235020.0,26.85,7,3.0
1706126946,759300684.0,896818575.3810512,25.54,7,3.0
1706147450,455816967.0,895643116.0,13.96,7,3.0
1706183188,627837799.0,891976347.0,26.64,7,3.0
1706198949,688815635.0,891976347.0,22.29,7,3.0
1706223825,750938340.0,914415592.0,37.97,9,3.0
1706236218,675325084.0,903823879.0,25.28,7,3.0
1706547920,718697979.0,795505642.0,23.06,7,3.0
1706563593,769605587.0,897581325.0,31.27,7,3.0
1706603066,645380530.0,900471393.0,25.7,7,3.0
1706658094,630301239.0,878762543.0,22.16,7,3.0
1706698105,738078597.0,885051015.0,24.74,7,3.0
1706702805,753769234.0,885051015.0,21.22,7,3.0
1706727828,758070445.0,890031353.0,20.28,7,3.0
1706739578,725826339.0,886269056.0,43.83,7,3.0
1706748056,758069459.0,886269056.0,43.83,11,10.0
1706801915,735890600.0,889717892.0,37.35,7,3.0
1706811316,730335046.0,888673936.0,37.35,7,3.0
1706822571,721107806.0,888673936.0,35.99,7,3.0
1706832117,485807422.0,888673936.0,36.31,7,3.0
1706862801,783546574.0,889319942.0,26.14,7,3.0
1706884698,606749795.0,896818575.3810512,21.95,7,3.0
1706911737,630353227.0,886201081.0,22.53,7,3.0
1706933674,595907737.0,896052421.0,17.28,7,3.0
1706955942,717020248.0,896052421.0,18.24,7,3.0
1706974888,960669191.2894089,918555790.0,38.09,10,100.0
1706988401,655076969.0,910588634.0,34.67,10,100.0
1707000473,765827864.0,910588634.0,62.91,12,100.0
1707042558,704173325.0,885236165.0,44.78,10,100.0
1707055529,629249985.0,698422750.0,42.67,10,100.0
1707068504,701080402.0,918135119.0,43.1,10,100.0
1707077668,717811206.0,918135119.0,42.39,10,100.0
1707097365,389958239.0,869581728.0,64.34,12,100.0
1707165598,696752588.0,901054602.0,49.35,10,100.0
1707185316,1184734763.8888597,885002451.0,67.34,12,100.0
1705434653,449421740.0,,8.23,8,10.0
1705446312,1194710036.3930092,904713227.0,10.37,8,10.0
1705447081,781297063.0,904713227.0,10.68,8,10.0
1705457713,786407390.0,896818575.3810512,2.08,8,10.0
1705477943,1194710036.3930092,896818575.3810512,3.52,8,10.0
1705505109,595748573.0,895380837.0,11.37,8,10.0
1705607004,838284544.0,815004025.0,8.89,8,10.0
1705623177,530736450.0,815004025.0,22.14,8,10.0
1705693758,438727225.0,902404550.0,8.87,8,10.0
1705784356,591094556.0,899247759.0,11.84,9,10.0
1705785862,427452626.0,896818575.3810512,12.16,8,10.0
1705800311,510447766.0,899247759.0,12.4,8,10.0
1706037836,667210143.0,902325766.0,16.21,8,10.0
1706057070,433152564.0,902325766.0,11.69,8,10.0
1706110494,586310654.0,893790220.0,10.94,8,10.0
1706129262,682046463.0,912112498.0,6.0,8,10.0
1706139802,1194710036.3930092,908117428.0,2.8,8,10.0
1706151143,297745954.0,908117428.0,7.87,8,10.0
1706177097,631348430.0,892446514.0,14.47,8,10.0
1706196147,522460541.0,892446514.0,1.9,8,10.0
1706224235,565234299.0,896818575.3810512,22.27,9,10.0
1706254374,262878975.0,897847374.0,16.28,8,10.0
1706271829,648021717.0,897847374.0,11.17,8,10.0
1706282621,370988819.0,889562429.0,0.91,8,10.0
1706333785,768126859.0,894254452.0,4.56,8,10.0
1706373899,459276012.0,899887968.0,5.94,8,10.0
1706380733,723812913.0,907796864.0,4.07,8,10.0
1706402525,261306106.0,906232895.0,3.43,8,10.0
1706405617,392168816.0,906232895.0,3.4,8,10.0
1706453452,478308085.0,904572901.0,3.03,8,10.0
1706471559,515062333.0,903617325.0,4.68,8,10.0
1706478366,499266955.0,903248785.0,4.56,8,10.0
1706550264,505992954.0,892647883.0,4.64,8,10.0
1706564062,775245804.0,909961805.0,9.88,8,10.0
1706596080,580598592.0,906813104.0,8.08,8,10.0
1706612167,802575254.0,908173626.0,7.57,8,10.0
1706635289,741764924.0,903294620.0,16.01,8,10.0
1706646594,960669191.2894089,903294620.0,9.29,8,10.0
1706657547,544736430.0,900932670.0,14.02,8,10.0
1706667708,732482581.0,890082758.0,13.56,8,10.0
1706714150,605083261.0,900677732.0,8.53,8,10.0
1706730328,596792852.0,902442498.0,3.82,8,10.0
1706744359,814115708.0,903199337.0,4.11,8,10.0
1706755592,739301170.0,903199337.0,8.87,8,10.0
1706815328,693636075.0,770005480.5148643,34.99,8,10.0
1706823200,1194710036.3930092,900308208.0,17.03,8,10.0
1706840638,738563767.0,900308208.0,9.35,8,10.0
1706895842,800739056.0,899888463.0,9.68,8,10.0
1706910781,550292767.0,901125848.0,12.47,8,10.0
1706944814,644507818.0,896818575.3810512,10.17,8,10.0
1706948929,558738135.0,892234076.0,11.07,8,10.0
1706961632,634935293.0,892234076.0,10.68,8,10.0
1706988234,598215120.0,901410026.0,23.45,7,100.0
1706997103,493134475.0,999480243.4662465,21.78,7,100.0
1707013791,686764645.0,888721921.0,40.5,9,100.0
1707035683,521344904.0,898940024.0,23.84,7,100.0
1707075506,810221420.0,906865578.0,16.71,7,100.0
1707082848,464676988.0,770005480.5148643,41.21,9,100.0
1707126546,291085221.0,880020799.0,41.52,9,100.0
1707138168,444019929.0,880020799.0,40.74,9,100.0
1707161742,1184734763.8888597,903247476.0,22.24,7,100.0
1707174020,554201650.0,903247476.0,46.15,11,20.0
1707228433,686205875.0,903439801.0,16.16,11,20.0
1705450704,40160515.0,896818575.3810512,10.06,8,100.0
1705479558,1859873053.0,2895775730.0,8.98,8,100.0
1705493862,949068130.0,1601963425.0,8.96,8,100.0
1705513651,1184734763.8888597,1324456809.0,8.23,8,100.0
1705527567,2015373451.0,1066246104.0,8.94,8,100.0
1705577631,1295833330.0,2321482379.0,7.99,8,100.0
1705598351,2623697324.0,2577196922.0,8.47,8,100.0
1705624789,2569009.0,1370028769.0,22.11,8,100.0
1705651394,1159984764.0,1370028769.0,21.21,8,100.0
1705683753,1202353698.0,2097998413.0,12.77,8,100.0
1705705122,1184734763.8888597,1558136493.0,9.74,8,100.0
1705770030,1100325646.0,1983796371.0,8.02,8,100.0
1705772959,1128638953.0,1983796371.0,7.84,9,100.0
1705797457,344876094.0,2838656066.0,8.97,8,100.0
1705801358,1187251481.0,2838656066.0,8.54,8,100.0
1705831178,1664830358.0,1324354666.0,8.11,8,100.0
1705854856,1194710036.3930092,2969477370.0,8.14,8,100.0
1705864856,512335770.0,2969477370.0,7.93,8,100.0
1705878336,260627174.0,2789799896.0,10.7,8,100.0
1705891668,2021328130.0,2789799896.0,9.23,9,100.0
1705939258,481612088.0,2793566823.0,8.72,8,100.0
1705957447,1726125983.0,896818575.3810512,7.88,8,100.0
1705961943,121372975.0,2793566823.0,7.9,8,100.0
1705992711,1763137078.0,2919013607.0,7.56,8,100.0
1706025524,1320682462.0,2889357682.0,8.31,8,300.0
1706031916,1998067662.0,2060357593.0,10.26,8,300.0
1706058916,2241232393.0,3578594842.0,8.31,8,300.0
1706061624,1194710036.3930092,3578594842.0,11.08,10,20.0
1706093005,1956772946.0,3461520508.0,8.77,8,300.0
1706111647,1155476994.0,896818575.3810512,8.88,10,20.0
1706131288,3316295534.0,2999115387.0,9.08,10,20.0
1706132895,2113111803.0,2135578466.0,16.07,8,100.0
1706150354,2685670651.0,2135578466.0,11.29,10,20.0
1706178994,2406985150.0,2767697689.0,11.36,8,300.0
1706182390,3436548835.0,2767697689.0,9.49,8,300.0
1706205558,2838923179.0,3906748236.0,13.45,10,20.0
1706216031,1511943095.0,1945428499.0,12.25,10,20.0
1706237637,1628809520.0,2470415499.0,7.74,8,300.0
1706258932,1946424358.0,896818575.3810512,8.97,8,100.0
1706279814,2165679473.0,2049707420.0,7.64,8,100.0
1706286892,1184734763.8888597,2049707420.0,7.07,8,100.0
1706301293,1377464479.0,2904871835.0,8.49,8,100.0
1706319493,144755779.9813367,1770567373.0,8.23,8,100.0
1706336664,2242082579.0,2340276338.0,7.97,8,100.0
1706341967,2472338797.0,2340276338.0,8.07,8,100.0
1706349319,2324332033.0,2340276338.0,8.13,8,100.0
1706365093,2624852990.0,2003971369.0,8.1,8,100.0
1706389772,119643568.0,896818575.3810512,7.72,8,100.0
1706409349,1194710036.3930092,2622752162.0,7.8,8,100.0
1706422454,2425567701.0,3335798578.0,7.91,8,100.0
1706439721,1556383458.0,2809717159.0,7.81,9,100.0
1706445045,960711864.0,2809717159.0,7.74,8,100.0
1706464445,1165913111.0,2578137162.0,8.55,8,100.0
1706485043,329988071.0,896818575.3810512,7.11,8,100.0
1706494346,960669191.2894089,2972129760.0,8.22,8,100.0
1706531670,2032245050.0,2049131215.0,7.87,8,100.0
1706531948,2385395285.0,2049131215.0,8.11,8,100.0
1706549204,2111043875.0,2049131215.0,9.43,8,100.0
1706576812,1616122608.0,2165916479.0,10.21,8,100.0
1706582957,1702170016.0,2165916479.0,10.29,8,100.0
1706608208,1669550053.0,2279331020.0,13.21,8,100.0
1706624971,895538571.0,2279331020.0,10.47,8,300.0
1706642087,1050991298.0,2310014660.0,8.14,8,300.0
1706645543,1835851175.0,2310014660.0,7.41,8,100.0
1706648680,2095773132.0,2310014660.0,9.49,8,300.0
1706664623,1194710036.3930092,2708210747.0,9.6,8,300.0
1706703755,1978199064.0,2619721769.0,10.78,8,100.0
1706708963,1150971230.0,1492407208.0,11.32,8,100.0
1706719413,1622681566.0,1492407208.0,11.72,8,100.0
1706736939,1213185709.0,2137576421.0,10.53,8,100.0
1706755825,2918527701.0,3027031921.0,13.25,8,100.0
1706865169,1562695625.0,896818575.3810512,8.69,8,100.0
1706874246,2267822938.0,1746931546.0,9.2,8,100.0
1706886643,1194710036.3930092,1746931546.0,9.74,8,100.0
1706896820,960669191.2894089,2986250639.0,14.71,10,20.0
1706919785,789421862.0,2696870692.0,8.84,8,100.0
1706958862,1111073073.0,4514332329.0,9.02,8,100.0
1706979520,2645732922.0,4514332329.0,8.77,7,300.0
1706992719,1648885182.0,3697052808.0,7.07,7,300.0
1706997747,2228340507.0,3497073322.0,6.96,7,300.0
1707010959,2653527487.0,3497073322.0,10.3,7,300.0
1707047987,2396478563.0,2543072167.0,10.02,7,300.0
1707067006,2125728672.0,2543072167.0,8.15,7,300.0
1707070637,1675942540.0,2543072167.0,7.95,7,300.0
1707096745,3004540696.0,2946796336.0,7.44,7,300.0
1707138997,3277563300.0,896818575.3810512,8.17,7,300.0
1707154187,1472043932.0,896818575.3810512,50.75,9,100.0
1707167993,1194710036.3930092,1678099257.0,50.2,9,100.0
1707170594,1403053991.0,1678099257.0,50.18,9,100.0
1707187069,3003854766.0,3631815379.0,9.57,7,300.0
1707220495,2471859521.0,4851658962.0,8.64,7,300.0
1705448124,17458807.0,894071142.0,24.86,8,10.0
1705459805,420948961.0,889410790.0,20.89,8,10.0
1705483060,765352867.0,881216639.0,17.32,7,100.0
1705500137,749890776.0,880494990.0,17.15,7,100.0
1705517778,647299102.0,910431119.0,15.18,7,100.0
1705528206,1184734763.8888597,903770953.0,16.52,7,100.0
1705545814,672533203.0,903770953.0,37.6,7,100.0
1705546038,791415070.0,903770953.0,37.32,7,100.0
1705590668,667716197.0,901564788.0,24.85,8,100.0
1705611406,762253504.0,915277477.0,15.16,7,100.0
1705629413,788312696.0,915783007.0,28.58,7,100.0
1705650917,787535564.0,915783007.0,28.7,7,100.0
1705658352,565130995.0,921754650.0,27.79,7,100.0
1705671626,782240394.0,921754650.0,18.81,7,100.0
1705675892,662422252.0,921754650.0,18.79,7,100.0
1705692462,694577332.0,918810274.0,16.06,7,100.0
1705739330,358298902.0,914259357.0,19.32,7,100.0
1705741694,1194710036.3930092,914259357.0,19.67,7,100.0
1705763029,751990752.0,900516888.0,18.73,7,100.0
1705774750,572157868.0,903160861.0,15.19,7,100.0
1705790465,1184734763.8888597,917978934.0,15.11,7,100.0
1705797351,145437847.0,917978934.0,23.88,7,100.0
1705820126,726875463.0,896818575.3810512,21.64,8,10.0
1705836457,1194710036.3930092,884004206.0,23.7,8,100.0
1705844764,564452609.0,884004206.0,23.49,8,100.0
1705870743,477522178.0,899681604.0,14.78,7,100.0
1705884136,778167625.0,899681604.0,16.58,7,100.0
1705916037,613787797.0,898892809.0,16.69,7,100.0
1705920314,661128754.0,898892809.0,16.69,7,100.0
1705922538,743546914.0,898892809.0,16.08,7,100.0
1705948519,642517385.0,901394072.0,16.29,7,100.0
1705953898,719466033.0,901394072.0,15.76,7,100.0
1705976739,519935837.0,896818575.3810512,15.3,7,100.0
1705989452,748019582.0,902654312.0,15.35,7,100.0
1706011529,589721943.0,879443153.0,16.46,7,100.0
1706018656,637800051.0,879443153.0,26.16,8,100.0
1706034595,706954463.0,895201916.0,21.55,8,10.0
1706040532,682048816.0,895201916.0,19.08,8,10.0
1706050966,696256100.0,896818575.3810512,19.61,8,10.0
1706062644,579673101.0,896957247.0,19.51,8,10.0
1706099715,530631699.0,896903024.0,22.88,8,200.0
1706106637,731432323.0,898529222.0,28.34,8,200.0
1706111122,706268788.0,898529222.0,25.24,8,200.0
1706192231,773535791.0,869846330.0,19.46,8,10.0
1706205256,371410057.0,896818575.3810512,22.85,10,20.0
1706224932,755607039.0,885793345.0,23.1,7,100.0
1706263896,782588380.0,905870196.0,16.36,7,100.0
1706272907,646865693.0,904239423.0,17.65,7,100.0
1706295113,1194710036.3930092,900339730.0,16.24,7,100.0
1706309594,1194710036.3930092,899006342.0,14.74,8,100.0
1706333456,762738758.0,893862454.0,14.82,7,100.0
1706351791,785598716.0,893862454.0,16.09,7,100.0
1706366589,724360791.0,906077511.0,15.35,7,100.0
1706384452,599477043.0,889876514.0,15.1,7,100.0
1706416927,770129839.0,887619850.0,15.78,7,100.0
1706443071,749629268.0,896584684.0,19.45,8,10.0
1706468762,707373330.0,874452495.0,19.4,8,10.0
1706471948,566236758.0,874452495.0,25.21,8,100.0
1706493052,688443915.0,896818575.3810512,24.46,8,100.0
1706515202,723463839.0,894859143.0,19.45,8,10.0
1706530752,960669191.2894089,894859143.0,19.86,8,10.0
1706552315,741658768.0,861093969.0,29.89,8,10.0
1706560659,602824684.0,861093969.0,19.24,8,10.0
1706607305,640299019.0,896118560.0,15.02,7,100.0
1706620779,753205698.0,878604070.0,16.84,7,100.0
1706638819,710569658.0,891943906.0,18.59,8,10.0
1706646640,621386168.0,891943906.0,19.86,8,10.0
1706662803,780386208.0,782920914.0,21.5,8,10.0
1706691131,713663501.0,897268322.0,21.16,8,10.0
1706711714,699039412.0,882809940.0,19.91,9,10.0
1706729729,738933132.0,899942601.0,16.11,7,100.0
1706734262,795925910.0,899942601.0,34.71,7,100.0
1706745039,753401592.0,896060441.0,15.3,7,100.0
1706793804,772539990.0,897698301.0,21.4,8,100.0
1706813469,622698040.0,897698301.0,36.46,7,100.0
1706883772,752671653.0,913670013.0,16.92,7,100.0
1706897094,960669191.2894089,900520580.0,17.87,7,100.0
1706967467,708837446.0,897514864.0,21.85,6,200.0
1706982994,727030751.0,897514864.0,20.94,6,200.0
1707001615,425879291.0,898840650.0,23.26,6,200.0
1707011119,1194710036.3930092,901490896.0,23.17,6,200.0
1707041886,613995211.0,898826673.0,23.04,6,200.0
1707050812,767398350.0,898826673.0,22.84,6,200.0
1707066706,763991938.0,893072938.0,19.63,6,200.0
1707129495,713031466.0,906866258.0,18.99,6,200.0
1707141761,746900049.0,906866258.0,19.93,6,200.0
1707155837,763312082.0,906866258.0,17.83,6,100.0
1707174926,720852005.0,902305919.0,17.91,6,200.0
1707186628,701027622.0,902301633.0,20.2,6,200.0
1707228754,761741805.0,900310414.0,20.69,6,100.0
1705418953,455560751.0,895927183.0,20.15,7,100.0
1705451208,15885951.0,897996759.0,17.95,7,100.0
1705454505,525715725.0,897996759.0,18.51,7,100.0
1705514689,546570376.0,895226594.0,16.66,7,100.0
1705532735,82680172.0,895226594.0,17.42,7,100.0
1705608515,577135739.0,892968661.0,5.56,7,100.0
1705615502,266339289.0,892968661.0,26.92,7,100.0
1705631109,577766242.0,902611738.0,21.04,7,100.0
1705665985,1194710036.3930092,903768693.0,21.63,7,100.0
1705678455,389812591.0,903768693.0,18.49,7,100.0
1705694474,580493211.0,896818575.3810512,3.79,7,100.0
1705707642,21181240.0,898476119.0,11.3,7,100.0
1705743804,472855181.0,890610831.0,10.37,7,100.0
1705758635,1184734763.8888597,890610831.0,9.53,7,100.0
1705775490,730909608.0,740294656.0,9.72,7,100.0
1705796256,295174527.0,898001833.0,16.46,7,100.0
1705818090,580494692.0,896818575.3810512,16.69,7,100.0
1705853445,429917363.0,897215893.0,19.52,7,100.0
1705867770,689604281.0,874327692.0,11.09,7,100.0
1705882293,401814142.0,883456695.0,6.89,7,100.0
1705904317,640511731.0,892785639.0,4.22,7,100.0
1705945462,518047340.0,886309610.0,8.08,7,100.0
1705962150,134112883.0,894667366.0,20.38,7,100.0
1705971035,23383340.0,894667366.0,16.55,7,100.0
1706014743,341864954.0,867697637.0,11.4,7,100.0
1706049363,1194710036.3930092,887774218.0,11.89,7,100.0
1706129145,226912912.0,896818575.3810512,21.16,7,100.0
1706144063,960669191.2894089,896818575.3810512,15.95,10,6.0
1706204063,359819646.0,700960263.0,8.91,10,6.0
1706230316,360314782.0,878917853.0,18.17,7,100.0
1706256163,365476.0,13579105.0,18.22,7,100.0
1706265717,382414.0,113456161.0,18.22,7,100.0
1706273491,283850516.0,113456161.0,17.16,7,100.0
1706294897,191226459.0,869900171.0,8.78,7,100.0
1706304508,196555738.0,869900171.0,9.72,7,100.0
1706338372,535665879.0,895055118.0,10.31,7,100.0
1706368290,196660251.0,879026095.0,13.81,7,100.0
1706382579,1194710036.3930092,879026095.0,2.89,7,100.0
1706403413,21915237.0,895853951.0,4.69,7,100.0
1706426452,607124654.0,876036462.0,4.82,7,100.0
1706443354,404542077.0,896742464.0,5.13,7,100.0
1706452928,465254660.0,890501253.0,4.84,7,100.0
1706470002,220573884.0,890501253.0,10.57,7,100.0
1706478578,373664504.0,900470222.0,9.83,7,100.0
1706487007,1184734763.8888597,896818575.3810512,9.36,7,100.0
1706512116,605085530.0,881696275.0,9.73,7,100.0
1706532917,270172630.0,873675969.0,9.65,7,100.0
1706537690,154717992.0,873675969.0,10.37,7,100.0
1706547411,308438183.0,873675969.0,10.78,7,100.0
1706569024,182756069.0,876682776.0,14.38,7,100.0
1706604118,442651157.0,890188639.0,22.77,7,100.0
1706612688,1184734763.8888597,896740401.0,22.62,7,100.0
1706629593,1184734763.8888597,866939622.0,25.94,7,100.0
1706703294,398511129.0,874832599.0,18.9,7,100.0
1706712743,1194710036.3930092,892128639.0,18.93,10,6.0
1706728858,584161485.0,892128639.0,17.39,7,100.0
1706735529,495452754.0,892128639.0,10.56,7,100.0
1706748143,26107938.0,889092435.0,12.59,7,100.0
1706755551,649909841.0,889092435.0,17.89,7,100.0
1706811597,761684578.0,892866615.0,22.86,7,100.0
1706824161,533779400.0,895221088.0,21.35,7,100.0
1706854699,1194710036.3930092,898009062.0,15.13,7,100.0
1706874585,1194710036.3930092,888199453.0,18.62,7,100.0
1706900387,791464294.0,896589974.0,19.7,7,100.0
1706909682,551159062.0,896589974.0,19.22,7,100.0
1706918306,416547711.0,885679319.0,17.74,7,100.0
1706944375,466039183.0,897161805.0,19.09,7,100.0
1706962345,448988730.0,897161805.0,18.31,12,6.0
1706975470,839234221.0,892385161.0,23.26,9,6.0
1706977890,885803521.0,892385161.0,22.29,9,6.0
1706982576,914514781.0,892385161.0,23.85,9,6.0
1707003217,886834526.0,883424926.0,50.44,11,6.0
1707042347,930927681.0,902199572.0,31.87,9,6.0
1707062748,482455800.0,890270981.0,29.17,9,6.0
1707069396,1194710036.3930092,890270981.0,30.68,9,6.0
1707093858,652791706.0,880822533.0,71.09,11,6.0
1707120700,415498634.0,902410145.0,47.13,11,6.0
1707129758,849611422.0,902410145.0,47.66,11,6.0
1707142850,489844335.0,798837494.0,49.4,11,6.0
1707161495,724779608.0,800492604.0,26.92,9,6.0
1707181385,725454004.0,,47.12,11,6.0
1707213708,919147308.0,907440528.0,51.4,11,6.0
1705432965,837225251.0,897320841.0,2.77,7,10.0
1705443314,832157319.0,897320841.0,2.47,7,10.0
1705453565,816844134.0,897320841.0,1.8,7,10.0
1705469162,736182399.0,890453187.0,9.0,7,10.0
1705473070,799333121.0,890745251.0,2.02,7,10.0
1705484781,843346822.0,890883399.0,-6.42,7,10.0
1705519797,811597134.0,903558571.0,10.85,7,10.0
1705531437,641516326.0,898904810.0,0.88,7,10.0
1705539267,731278511.0,898904810.0,14.43,7,10.0
1705604600,825704391.0,891139442.0,-8.79,7,10.0
1705615556,849543064.0,896818575.3810512,15.79,7,10.0
1705642448,842897227.0,888841356.0,10.99,7,10.0
1705687855,826390802.0,803371161.0,-5.13,7,10.0
1705707304,960669191.2894089,896818575.3810512,1.29,7,10.0
1705718281,1184734763.8888597,887412797.0,-2.84,7,10.0
1705784592,824130285.0,888515493.0,6.4,7,10.0
1705798578,795767310.0,887201928.0,4.73,7,10.0
1705827861,723782841.0,885904610.0,6.86,7,10.0
1705855403,872050933.0,889614235.0,6.18,7,10.0
1705862024,770545341.0,889614235.0,5.9,7,10.0
1705883645,854329047.0,887705222.0,-6.47,7,10.0
1705891139,835870101.0,887705222.0,-6.53,7,10.0
1705947914,854541497.0,892863267.0,-9.01,7,10.0
1705960167,859576064.0,889767474.0,-6.35,7,10.0
1705995319,1194710036.3930092,897423141.0,-6.98,7,10.0
1706013569,781781863.0,890647641.0,1.15,7,10.0
1706184713,697700112.0,896818575.3810512,7.11,7,10.0
1706203852,836868380.0,886889793.0,6.95,7,10.0
1706209190,723259924.0,887621048.0,4.25,7,10.0
1706236937,759852460.0,891558787.0,-8.27,7,10.0
1706275711,424884291.0,883946916.0,4.34,7,10.0
1706283573,1194710036.3930092,892895963.0,-9.18,7,10.0
1706301471,794299616.0,768760188.0,-5.78,7,10.0
1706322312,845583186.0,887058124.0,-5.85,7,10.0
1706356945,836923110.0,893658670.0,-6.15,7,10.0
1706398003,392396386.0,896818575.3810512,-6.7,7,10.0
1706425396,834822780.0,809944183.0,-5.68,7,10.0
1706442742,832897201.0,893336824.0,-6.58,7,10.0
1706444190,745074915.0,893336824.0,-6.94,7,10.0
1706447348,850295890.0,893336824.0,-5.36,7,10.0
1706477868,841682283.0,817117698.0,-6.42,7,10.0
1706492262,813068798.0,817117698.0,-6.06,7,10.0
1706524133,856061855.0,777572232.0,-6.82,7,10.0
1706539511,674051354.0,777572232.0,-6.45,7,10.0
1706634828,786017875.0,890998148.0,8.73,7,10.0
1706637535,864447480.0,890998148.0,5.76,7,10.0
1706654043,774794394.0,890998148.0,6.49,7,10.0
1706718964,874884766.0,893121883.0,0.79,7,10.0
1706726909,640845361.0,892443078.0,-5.06,7,10.0
1706744187,845763868.0,886644627.0,7.46,7,10.0
1706879452,889716780.0,894591988.0,6.68,7,10.0
1706892188,1194710036.3930092,896818575.3810512,8.79,7,10.0
1706917128,642189421.0,887990981.0,7.96,7,10.0
1706925522,834511212.0,999480243.4662465,7.26,7,10.0
1706949285,765990857.0,853964735.0,7.71,7,10.0
1706978902,825965669.0,886080851.0,-6.67,7,10.0
1705423629,708666058.0,892966250.0,22.38,9,10.0
1705434536,739757997.0,886415494.0,24.92,9,10.0
1705449126,657300785.0,897634921.0,23.08,9,10.0
1705451829,835822292.0,897634921.0,22.33,9,10.0
1705498361,576403552.0,902048328.0,15.51,8,40.0
1705527140,838547401.0,896818575.3810512,16.84,8,40.0
1705531896,816687786.0,901620282.0,17.32,8,40.0
1705632951,598495218.0,902978829.0,28.99,8,40.0
1705681899,704120509.0,904189042.0,19.88,8,40.0
1705692557,631978587.0,904189042.0,17.14,8,40.0
1705709151,798915207.0,896818575.3810512,19.81,8,40.0
1705767234,729967313.0,898273679.0,19.4,8,40.0
1705784436,1194710036.3930092,899527802.0,16.24,8,40.0
1705788111,818254481.0,896818575.3810512,16.55,8,40.0
1705837401,697514254.0,896323661.0,22.41,9,10.0
1705882769,308805925.0,900634141.0,17.98,8,40.0
1705935737,760621285.0,896818575.3810512,15.51,8,40.0
1705952023,587151892.0,903543775.0,16.64,8,40.0
1705969039,812543167.0,896818575.3810512,16.61,8,40.0
1705974012,537548401.0,899207382.0,16.47,8,40.0
1706010622,817596864.0,888511451.0,16.4,8,40.0
1706026651,428606425.0,888511451.0,22.37,9,10.0
1706056509,786897839.0,898686599.0,23.94,9,10.0
1706111732,691641317.0,898787143.0,29.48,8,100.0
1706128270,809133872.0,897377667.0,16.21,9,10.0
1706142757,4508881.0,899784010.0,20.11,9,10.0
1706171333,522244451.0,885057254.0,22.96,9,10.0
1706185149,697410791.0,862404565.0,22.02,9,10.0
1706189501,607752127.0,897163913.0,18.48,9,10.0
1706207532,783496966.0,897163913.0,19.24,11,20.0
1706228956,629199774.0,906390771.0,25.35,8,40.0
1706571166,1194710036.3930092,914253917.0,25.7,9,10.0
1706573195,754346064.0,914253917.0,20.84,8,40.0
1706617271,518783831.0,905400869.0,20.89,8,40.0
1706648351,796133079.0,898474457.0,22.11,9,10.0
1706655802,577595250.0,901984443.0,20.13,9,10.0
1706669558,615135903.0,885836827.0,19.7,9,10.0
1706698602,758954868.0,903036992.0,22.27,10,10.0
1706711871,557947875.0,895903513.0,20.21,8,40.0
1706723396,719845012.0,906129578.0,16.03,8,40.0
1706747723,684982854.0,906129578.0,14.53,8,40.0
1706789117,843947153.0,905240413.0,20.48,8,40.0
1706855555,701760014.0,891296240.0,18.4,8,40.0
1706876129,790470065.0,900205151.0,17.61,8,40.0
1706883142,1184734763.8888597,901574482.0,16.55,8,40.0
1706917309,752092414.0,895090989.0,16.73,8,40.0
1706950394,1194710036.3930092,888245309.0,17.33,8,40.0
1706966605,671369112.0,892130111.0,28.31,7,100.0
1706974218,792516593.0,892130111.0,28.48,7,100.0
1706983691,476106670.0,898054531.0,26.21,7,100.0
1707008731,794362769.0,896235025.0,30.48,7,100.0
1707029349,536242651.0,894776694.0,29.95,7,100.0
1707051655,1194710036.3930092,893286494.0,29.9,7,100.0
1707063113,793200431.0,898631294.0,27.63,7,100.0
1707073975,641571899.0,898631294.0,28.94,7,100.0
1707091935,799438499.0,889987646.0,27.25,7,100.0
1707131891,618355470.0,898633277.0,28.08,7,100.0
1707153430,578290618.0,902827141.0,26.83,8,100.0
1707181215,790105047.0,892384582.0,27.51,7,100.0
1707220378,524078625.0,902774305.0,28.99,7,100.0
1705417555,651010362.0,897689773.0,17.43,8,10.0
1705418618,792459528.0,897689773.0,14.11,8,10.0
1705432562,427452455.0,897689773.0,20.33,8,10.0
1705437974,1184734763.8888597,897689773.0,20.0,8,10.0
1705444988,144755779.9813367,897689773.0,19.97,8,10.0
1705458217,793247069.0,891955423.0,8.93,8,10.0
1705466107,769814610.0,896818575.3810512,15.79,8,10.0
1705477610,837491246.0,897545713.0,16.18,8,10.0
1705484503,684622185.0,898998341.0,16.95,8,10.0
1705491805,761058820.0,898998341.0,4.89,8,10.0
1705509664,647654682.0,898998341.0,12.17,8,10.0
1705519147,693375560.0,889200006.0,15.84,8,10.0
1705542400,1194710036.3930092,892338399.0,36.21,8,10.0
1705594856,803827046.0,892762338.0,13.02,8,10.0
1705624551,7286649.0,888206594.0,18.05,8,10.0
1705667058,524289966.0,892392701.0,13.21,8,10.0
1705672080,446116993.0,749262116.0,14.31,8,10.0
1705693127,657897300.0,888775950.0,13.84,8,10.0
1705709501,719902228.0,890874445.0,17.55,8,10.0
1705718962,509557443.0,890874445.0,15.59,8,10.0
1705742783,507145405.0,888434801.0,16.37,8,10.0
1705761464,613051000.0,888122823.0,15.3,8,10.0
1705792558,336960824.0,896818575.3810512,9.97,8,10.0
1705802457,756341537.0,885051900.0,7.18,8,10.0
1705838400,659241346.0,891972021.0,5.72,8,10.0
1705850798,736728539.0,889400250.0,5.63,8,10.0
1705872551,960669191.2894089,896818575.3810512,3.83,8,10.0
1705941202,405080783.0,900207942.0,12.42,8,10.0
1705945422,821560980.0,900207942.0,12.25,8,10.0
1705958795,701920073.0,900207942.0,11.67,8,10.0
1705989339,786427674.0,896818575.3810512,12.43,8,10.0
1706013157,746956512.0,899575059.0,11.54,8,10.0
1706024601,793353394.0,917092319.0,7.41,8,10.0
1706043608,760863356.0,917092319.0,1.84,8,10.0
1706058532,960669191.2894089,899203336.0,8.68,8,10.0
1706088073,794455751.0,883477443.0,13.0,8,10.0
1706131084,1184734763.8888597,890083292.0,6.96,8,10.0
1706167820,765570122.0,882059176.0,12.18,8,10.0
1706201460,811230011.0,889402563.0,9.06,10,20.0
1706212043,960669191.2894089,889402563.0,20.61,10,20.0
1706284309,727749405.0,896818575.3810512,8.44,8,10.0
1706305003,741709269.0,881036351.0,8.05,8,10.0
1706335652,792823358.0,887628992.0,8.2,8,10.0
1706366220,523554677.0,895066263.0,-8.36,8,10.0
1706385354,559783249.0,881329802.0,3.16,8,10.0
1706403368,803944907.0,886628268.0,4.0,8,10.0
1706486483,771181928.0,884739981.0,2.39,8,10.0
1706523853,1184734763.8888597,883217110.0,2.08,8,10.0
1706566267,804313035.0,895904230.0,4.72,8,10.0
1706651646,538760045.0,895495276.0,-0.97,8,10.0
1706735613,791833868.0,884336088.0,8.91,10,20.0
1706749019,704855430.0,902620164.0,9.01,10,20.0
1706779101,1194710036.3930092,,14.25,10,20.0
1706784310,801007807.0,897583883.0,9.52,8,10.0
1706794720,524342657.0,897583883.0,10.12,8,10.0
1706820066,673922389.0,887674897.0,18.36,9,20.0
1706827588,759591264.0,884433375.0,24.12,8,10.0
1706855635,762788365.0,886213001.0,13.17,8,10.0
1706864361,478624070.0,896818575.3810512,11.73,8,10.0
1706883809,563458567.0,892025030.0,14.03,8,10.0
1706902643,770426693.0,896818575.3810512,11.18,8,10.0
1706904951,1194710036.3930092,892025030.0,12.05,8,10.0
1706921807,714832809.0,889300284.0,10.51,8,10.0
1706957302,777050935.0,885104594.0,11.57,8,10.0
1706960970,632922467.0,885104594.0,10.51,8,10.0
1706980765,309644554.0,894379015.0,18.84,8,100.0
1707004106,787902094.0,896851223.0,18.74,8,100.0
1707022799,1184734763.8888597,896426098.0,19.58,8,100.0
1707040272,636486236.0,896818575.3810512,19.28,8,100.0
1707051918,484290080.0,891294011.0,18.85,8,100.0
1707082905,355310048.0,900521931.0,16.11,8,100.0
1707096161,799797305.0,900521931.0,16.42,8,100.0
1707126454,668984530.0,890333028.0,15.72,8,100.0
1707138020,631977671.0,894752540.0,12.1,8,100.0
1707161791,800528971.0,735573158.0,19.01,10,100.0
1707175866,742341866.0,893021268.0,8.91,10,100.0
1707180646,791150117.0,900516843.0,10.31,10,100.0
1707218745,792727498.0,885627599.0,12.54,10,100.0
1707224315,706666642.0,885627599.0,12.06,7,10.0
1705431010,604715139.0,887982056.0,25.18,10,10.0
1705449724,581071295.0,887982056.0,35.57,12,100.0
1705457667,835088055.0,887982056.0,17.91,10,10.0
1705496000,656411628.0,888310441.0,36.32,10,100.0
1705506939,774055242.0,888310441.0,51.57,12,100.0
1705511889,1194710036.3930092,868747561.0,55.23,12,100.0
1705572311,1194710036.3930092,890034023.0,27.94,12,100.0
1705584270,796027903.0,890034023.0,43.26,12,100.0
1705603881,776192161.0,890034023.0,33.35,10,100.0
1705621272,737306693.0,791388809.0,60.67,11,10.0
1705630547,767243711.0,896818575.3810512,33.24,10,100.0
1705669516,761584594.0,882012480.0,42.44,10,100.0
1705676761,645663997.0,882012480.0,38.8,10,100.0
1705688533,773853615.0,888658788.0,28.52,10,100.0
1705716278,689174956.0,890714976.0,33.42,10,100.0
1705758780,1184734763.8888597,886416469.0,37.11,10,100.0
1705774134,730754331.0,886416469.0,44.71,10,100.0
1705792641,696832992.0,896818575.3810512,35.87,10,100.0
1705801242,750375768.0,896818575.3810512,34.2,12,100.0
1705833663,770130125.0,897981763.0,34.66,12,100.0
1705861955,723104626.0,789264062.0,35.99,10,10.0
1705880590,614575279.0,889374948.0,32.31,10,100.0
1705907103,775634149.0,879285515.0,49.32,12,100.0
1705929381,1194710036.3930092,879451992.0,40.71,10,100.0
1705943473,570056404.0,882276169.0,49.02,12,100.0
1705951068,597699287.0,882276169.0,27.65,10,100.0
1705970653,660920129.0,788279226.0,34.57,10,10.0
1705974294,406377294.0,759029385.0,33.39,10,10.0
1706035771,385669164.0,875648523.0,19.12,10,10.0
1706062686,325953663.0,896818575.3810512,59.51,12,100.0
1706090111,1184734763.8888597,171390381.0,18.26,10,10.0
1706105706,2254444.0,171390381.0,71.38,12,1.0
1706120672,453443531.0,886908596.0,25.46,12,100.0
1706147294,290561136.0,834041061.0,16.33,10,10.0
1706185062,460445706.0,888064324.0,23.42,10,10.0
1706198234,189531258.0,878814050.0,21.76,10,10.0
1706216482,273050023.0,883524527.0,35.67,10,100.0
1706221641,342236674.0,883524527.0,38.26,10,100.0
1706281312,561879309.0,874511771.0,29.29,10,100.0
1706297334,604557943.0,880859704.0,28.93,10,100.0
1706320525,675757641.0,886938807.0,29.11,10,100.0
1706352199,531472047.0,888985844.0,31.23,10,100.0
1706372963,590438877.0,890728337.0,29.86,10,100.0
1706377014,644561923.0,890728337.0,31.06,10,100.0
1706395867,549719486.0,889513069.0,27.39,10,100.0
1706451839,668730347.0,738481433.0,47.37,11,10.0
1706517404,623484785.0,890712170.0,22.18,10,10.0
1706561767,383517266.0,733463289.0,17.98,10,10.0
1706576736,308228853.0,733463289.0,21.67,10,10.0
1706780853,731068722.0,858905701.0,48.5,10,100.0
1706790716,730836608.0,858905701.0,48.33,10,10.0
1706810305,1194710036.3930092,896818575.3810512,29.02,10,100.0
1706816007,1184734763.8888597,880754781.0,57.74,10,100.0
1706839129,617816438.0,880436310.0,63.03,10,3.0
1706867557,716177980.0,877135709.0,44.12,10,3.0
1706882439,760008112.0,877135709.0,31.81,10,100.0
1706897828,745330280.0,815582698.0,37.06,10,10.0
1706915737,619236463.0,792045247.0,35.54,10,10.0
1706922754,721841270.0,792045247.0,39.35,10,10.0
1706961295,716808775.0,654784658.0,39.9,11,10.0
1706973502,760527495.0,871414727.0,25.36,9,100.0
1706986164,593915525.0,889245499.0,25.94,9,100.0
1706994441,786326945.0,889245499.0,27.03,9,100.0
1707013880,648964367.0,896818575.3810512,56.55,11,100.0
1707053216,613734079.0,890291716.0,50.51,11,100.0
1707057275,675808820.0,890291716.0,33.72,9,100.0
1707081524,433851096.0,888195767.0,47.26,11,100.0
1707084555,641049277.0,888195767.0,47.79,11,100.0
1707096339,719791072.0,886833285.0,44.08,11,100.0
1707126213,755395698.0,881307338.0,53.8,11,100.0
1707133824,698824768.0,883224873.0,53.29,11,100.0
1707147229,647444189.0,883224873.0,46.46,11,100.0
1707162687,5872030.0,888147246.0,68.66,11,1.0
1707178394,775652377.0,888147246.0,28.31,11,100.0
1707208855,565084556.0,883219141.0,53.76,11,100.0
1707220100,674552263.0,883219141.0,54.38,11,100.0
1705434363,770587097.0,898002955.0,16.01,9,10.0
1705440070,622432690.0,896818575.3810512,17.06,9,10.0
1705440734,585839909.0,899289713.0,16.69,9,10.0
1705453043,680369490.0,898831572.0,13.9,9,10.0
1705455973,671755831.0,897531499.0,14.24,9,10.0
1705472048,781765485.0,891029950.0,24.03,11,20.0
1705493233,786436325.0,892392657.0,16.13,9,10.0
1705511743,960669191.2894089,896818575.3810512,14.1,9,10.0
1705524770,624219539.0,893650191.0,16.48,9,10.0
1705540181,568590108.0,900412706.0,35.01,9,10.0
1705554979,638739591.0,900412706.0,8.56,9,10.0
1705570900,604294620.0,892761088.0,16.41,9,10.0
1705591195,705635302.0,890400937.0,15.43,9,10.0
1705606447,1194710036.3930092,892075853.0,15.95,9,10.0
1705609319,426928614.0,892075853.0,20.18,9,10.0
1705642531,771123947.0,891296864.0,38.36,10,100.0
1705667722,712928105.0,893020777.0,19.7,9,10.0
1705668938,702557582.0,893020777.0,18.46,9,10.0
1705682095,685140037.0,891344702.0,27.26,9,100.0
1705694690,663437518.0,891344702.0,21.84,10,100.0
1705730032,733855270.0,884425053.0,17.91,9,10.0
1705743625,770056515.0,884425053.0,19.94,9,10.0
1705766283,144755779.9813367,896818575.3810512,18.62,9,10.0
1705775723,662858710.0,886136277.0,14.56,9,10.0
1705860654,502033020.0,874004669.0,15.51,9,10.0
1705875210,508406674.0,874004669.0,12.71,9,10.0
1705928978,571579406.0,895537496.0,18.16,9,10.0
1705939120,651793929.0,895537496.0,23.05,9,100.0
1705950636,725405457.0,895537496.0,16.44,9,10.0
1706007484,630610768.0,892550970.0,14.59,9,10.0
1706016457,708842312.0,892550970.0,14.59,9,10.0
1706031466,717769620.0,895274278.0,16.91,9,10.0
1706108228,960669191.2894089,888315922.0,16.03,9,10.0
1706113040,751410520.0,888315922.0,24.25,9,10.0
1706132950,654573993.0,881596239.0,25.31,11,10.0
1706140566,637587019.0,881596239.0,14.19,9,10.0
1706149967,700553905.0,881596239.0,16.93,9,10.0
1706193827,710621021.0,895633890.0,13.01,9,10.0
1706200336,819009519.0,896818575.3810512,13.5,9,10.0
1706211924,433641271.0,902216152.0,34.61,9,100.0
1706235139,676856315.0,892377888.0,12.05,9,10.0
1706236361,729539566.0,892377888.0,13.56,9,10.0
1706259563,1194710036.3930092,892862865.0,17.23,9,10.0
1706277314,1194710036.3930092,892862865.0,15.53,9,10.0
1706298696,700239227.0,891658563.0,14.67,9,10.0
1706304693,633185023.0,896818575.3810512,15.51,9,10.0
1706311642,610430227.0,891812684.0,14.91,9,10.0
1706343027,785594946.0,892601971.0,15.57,9,10.0
1706357207,774475290.0,890876272.0,14.67,9,10.0
1706358487,597165196.0,896818575.3810512,14.87,9,10.0
1706374972,584794811.0,896818575.3810512,15.21,9,10.0
1706391460,623953651.0,891448669.0,20.96,10,100.0
1706400454,699191770.0,896818575.3810512,14.92,9,10.0
1706426382,1184734763.8888597,916351207.0,25.83,9,100.0
1706441851,735471500.0,894225076.0,27.96,11,10.0
1706444257,751357057.0,896818575.3810512,29.05,10,10.0
1706469485,542012457.0,893492994.0,14.93,9,10.0
1706479194,513014987.0,885690169.0,15.37,9,10.0
1706484094,626145480.0,885690169.0,15.24,9,10.0
1706514522,689228625.0,892359324.0,15.18,9,10.0
1706525385,605655710.0,892359324.0,15.22,9,10.0
1706543950,731907914.0,892022978.0,18.51,9,10.0
1706546585,782394591.0,892022978.0,17.07,9,10.0
1706565429,548671314.0,897976061.0,19.29,9,10.0
1706577285,534930725.0,897976061.0,18.39,9,10.0
1706608494,1194710036.3930092,898000576.0,16.89,9,10.0
1706608786,599628965.0,898000576.0,15.76,9,10.0
1706632185,630091303.0,897793913.0,17.86,9,10.0
1706651564,1194710036.3930092,896818575.3810512,16.79,9,10.0
1706662989,789320083.0,898106376.0,18.29,9,10.0
1706666898,708472995.0,898106376.0,17.39,9,10.0
1706690695,711191800.0,898106376.0,17.96,9,10.0
1706725378,648965341.0,899835629.0,15.3,9,10.0
1706785021,788843843.0,893172972.0,19.66,9,10.0
1706794958,604872366.0,893172972.0,19.39,9,10.0
1706810993,461453186.0,893966821.0,11.47,9,10.0
1706873477,719642173.0,895005361.0,18.36,9,10.0
1706885701,521249944.0,895005361.0,17.5,9,10.0
1706891848,769350436.0,895005361.0,17.55,9,10.0
1706905350,701604516.0,892633780.0,18.15,9,10.0
1706943353,663436025.0,892625479.0,16.37,9,10.0
1706959915,708836100.0,890191577.0,16.28,9,10.0
1706969997,529637167.0,890191577.0,33.96,9,100.0
1706979897,672035752.0,885953158.0,32.12,9,100.0
1706991257,702759746.0,884892047.0,31.64,9,100.0
1707007126,631823891.0,884892047.0,25.14,9,100.0
1707028446,724024505.0,895167361.0,26.31,9,100.0
1707049774,635019340.0,896818575.3810512,25.81,9,100.0
1707063968,741554578.0,887699674.0,32.19,9,100.0
1707081936,601359448.0,891452814.0,32.44,9,100.0
1707093266,640621677.0,891452814.0,30.89,9,100.0
1707138203,644142877.0,894015048.0,33.2,9,100.0
1707148849,783812166.0,894015048.0,30.5,8,100.0
1707156777,725509698.0,894015048.0,29.3,8,100.0
1707173420,676386586.0,885839042.0,32.03,9,100.0
1707183646,1184734763.8888597,885839042.0,29.34,9,100.0
1705439787,407215487.0,853547092.0,30.93,8,100.0
1705449294,1194710036.3930092,853962557.0,30.36,8,100.0
1705451570,470533858.0,853962557.0,30.52,8,100.0
1705475203,483604581.0,844050153.0,25.95,8,10.0
1705476745,614152744.0,844050153.0,25.39,8,10.0
1705514554,537306932.0,863085451.0,20.32,7,100.0
1705528979,544015400.0,857213794.0,20.72,7,100.0
1705560605,540839762.0,857294305.0,28.99,8,100.0
1705599550,676279463.0,872158408.0,20.09,7,100.0
1705624309,519111123.0,858730971.0,35.53,7,100.0
1705691439,334967770.0,857265451.0,21.1,7,100.0
1705700468,600887528.0,857265451.0,21.91,7,100.0
1705714808,674760140.0,857265451.0,23.43,7,100.0
1705743513,679113777.0,860779997.0,25.17,7,100.0
1705781025,592656370.0,863765559.0,20.32,7,100.0
1705793272,549402274.0,863765559.0,20.5,7,100.0
1705805993,534251475.0,863765559.0,30.22,8,100.0
1705830712,484284777.0,850344152.0,28.52,9,100.0
1705850315,454558968.0,850344152.0,30.19,8,100.0
1705884538,661809635.0,856216616.0,20.82,7,100.0
1705914050,552495606.0,861248112.0,22.7,7,100.0
1705925652,590508623.0,861248112.0,23.4,7,100.0
1705931064,482398643.0,860985495.0,32.62,8,100.0
1705952372,584546607.0,857210922.0,21.46,7,100.0
1705995118,442499271.0,876186951.0,19.26,7,100.0
1706020006,537759028.0,855240052.0,28.39,8,100.0
1706031254,557609395.0,855240052.0,30.65,8,100.0
1706050841,619701320.0,612622655.0,29.98,8,100.0
1706076962,1194710036.3930092,848770140.0,29.73,8,100.0
1706098673,490366125.0,852655287.0,30.58,8,100.0
1706105441,442629181.0,896818575.3810512,34.33,8,100.0
1706132497,402130645.0,844907348.0,31.22,8,100.0
1706183796,413979481.0,866652180.0,32.4,8,100.0
1706191747,588671125.0,896818575.3810512,23.93,8,10.0
1706229072,592759805.0,859052545.0,31.64,7,100.0
1706295995,518206673.0,868116200.0,21.46,7,100.0
1706317211,382329853.0,855738601.0,18.94,8,100.0
1706373458,476843154.0,896818575.3810512,18.75,8,100.0
1706393469,516163161.0,852911931.0,17.99,8,100.0
1706419596,600842610.0,861568889.0,20.1,8,100.0
1706443738,960669191.2894089,859939155.0,30.15,8,100.0
1706604185,494982528.0,871317538.0,20.97,7,100.0
1706613547,489111796.0,896818575.3810512,21.0,7,100.0
1706657952,514536371.0,854641014.0,26.53,8,10.0
1706819559,521038508.0,857315094.0,34.63,7,100.0
1706840590,632031143.0,857315094.0,19.18,8,100.0
1706917263,584684398.0,857418882.0,23.53,7,100.0
1706994173,487484566.0,858887270.0,22.77,6,100.0
1707142211,508979833.0,860359533.0,19.73,7,100.0
1705431182,2803358124.0,3741859920.0,6.87,8,20.0
1705434195,3079568859.0,3741859920.0,5.86,8,20.0
1705451970,2421417935.0,896818575.3810512,5.91,8,20.0
1705452966,2752600479.0,6319204737.0,-11.22,8,20.0
1705458444,1194710036.3930092,5825596969.0,4.93,8,20.0
1705459700,2467131062.0,5825596969.0,4.92,8,20.0
1705478889,3001051671.0,1449661901.0,7.98,9,200.0
1705511107,1184734763.8888597,896818575.3810512,8.13,9,200.0
1705518463,3494304363.0,2113681867.0,20.37,9,100.0
1705531147,3988368060.0,896818575.3810512,19.89,9,100.0
1705595343,3666417111.0,3804363266.0,19.18,9,100.0
1705625533,865700406.0,1658648132.0,33.04,9,100.0
1705738390,2596284950.0,3437071219.0,23.18,9,100.0
1705751464,3513788541.0,3437071219.0,22.66,9,100.0
1705765111,2607598666.0,6638376705.0,23.06,9,100.0
1705776851,2936859296.0,6638376705.0,6.81,9,200.0
1705790310,2674974753.0,5382209898.0,6.54,9,200.0
1705820040,1563534800.0,5593031164.0,7.65,9,200.0
1705840617,2030677764.0,6320944373.0,6.94,9,200.0
1705856560,3998746575.0,5564924200.0,6.63,9,200.0
1705864094,2391018651.0,6963358229.0,7.31,9,200.0
1705874600,2176849544.0,2135647125.0,19.43,9,100.0
1705887649,3838362589.0,2135647125.0,20.37,9,100.0
1705927556,4010141475.0,6732139332.0,7.93,9,200.0
1705935485,3091580488.0,6732139332.0,7.53,9,200.0
1705955506,3489518037.0,6534435563.0,6.75,9,200.0
1705972522,2253253117.0,896818575.3810512,19.95,9,100.0
1705996124,3109084776.0,4332676601.0,6.89,9,200.0
1706021864,3397399999.0,5357597696.0,6.04,9,200.0
1706032784,3759660224.0,6448909682.0,8.38,9,200.0
1706049468,4636494427.0,7391898127.0,6.06,8,20.0
1706062763,4050764487.0,7391898127.0,5.01,8,20.0
1706096014,4072814455.0,6546206229.0,7.84,9,200.0
1706107386,144755779.9813367,6572574296.0,11.03,9,200.0
1706118871,3308379672.0,6572574296.0,11.34,9,200.0
1706200981,3876438264.0,3621251527.0,3.95,8,20.0
1706207259,4300084312.0,3621251527.0,5.11,8,20.0
1706222069,3552408787.0,3621251527.0,29.34,9,100.0
1706289424,1337725848.0,3498894694.0,19.34,9,100.0
1706305619,1892008511.0,2786047486.0,19.18,9,100.0
1706320435,3188506552.0,2786047486.0,19.56,9,100.0
1706352837,4149503102.0,5539044180.0,19.61,9,100.0
1706375617,3948039214.0,3313470676.0,18.83,9,100.0
1706387192,3213024409.0,3313470676.0,19.4,9,100.0
1706400314,3882988774.0,3532603647.0,19.75,9,100.0
1706421128,715708053.0,3699693660.0,20.4,9,100.0
1706436500,2215433920.0,3699693660.0,19.9,9,100.0
1706445295,4483197447.0,6303652999.0,6.84,9,200.0
1706452353,3891940688.0,6303652999.0,6.84,9,200.0
1706458460,3661127517.0,6303652999.0,7.01,9,200.0
1706472542,3216311316.0,6465506303.0,8.32,9,200.0
1706486443,3924863173.0,6342896164.0,6.27,8,20.0
1706491750,1184734763.8888597,6342896164.0,7.1,8,20.0
1706537564,3221381308.0,5181487592.0,7.23,8,20.0
1706558728,3350832983.0,5724178959.0,4.43,8,20.0
1706563848,4743231164.0,5724178959.0,8.13,8,20.0
1706578446,3690641924.0,4904446210.0,7.33,8,20.0
1706631312,4377652110.0,4809663215.0,7.45,8,20.0
1706640410,3192042889.0,6544967453.0,5.35,8,20.0
1706696341,3330530694.0,5761560423.0,8.08,9,200.0
1706712554,4367000189.0,6083922124.0,5.2,8,20.0
1706729070,2514229012.0,4490956255.0,18.98,9,100.0
1706748189,1973903558.0,2587484288.0,22.2,9,100.0
1706768395,1074167914.0,3309018067.0,20.71,9,100.0
1706784038,3764248998.0,3309018067.0,23.88,9,100.0
1706801694,1194710036.3930092,4998567540.0,7.97,9,200.0
1706820964,4001645203.0,4102712336.0,25.97,9,100.0
1706828737,2428662945.0,3049686149.0,33.2,9,100.0
1706866546,3645184979.0,4628423720.0,20.35,9,100.0
1706886038,3915595631.0,4113986575.0,19.87,9,100.0
1706891965,3390327676.0,4008764089.0,8.08,9,200.0
1706988320,,3821070059.0,18.27,8,100.0
1707019553,2410606549.0,3530373219.0,21.37,8,100.0
1707033697,2383075799.0,3950841561.0,21.35,8,100.0
1707056144,1184734763.8888597,3349535995.0,18.05,8,100.0
1707058621,1417770989.0,3349535995.0,18.19,8,100.0
1707077856,3607888052.0,4042845686.0,19.25,8,100.0
1707082617,2059194453.0,3117193544.0,18.86,8,100.0
1707138310,3767441519.0,6157260130.0,8.3,8,200.0
1707142462,2938111567.0,6157260130.0,18.72,8,100.0
1707171068,3411847717.0,896818575.3810512,14.39,8,200.0
1707183374,3752895260.0,3174888889.0,6.79,8,200.0
1705449439,815953902.0,912525773.0,10.29,10,10.0
1705458500,1194710036.3930092,911685770.0,0.3,10,10.0
1705466630,738565945.0,881594151.0,9.25,12,20.0
1705471186,716353024.0,881594151.0,8.85,12,20.0
1705495931,1184734763.8888597,898423151.0,9.74,10,10.0
1705517859,1194710036.3930092,894184450.0,10.3,10,10.0
1705533364,536943529.0,770005480.5148643,9.19,10,10.0
1705564741,715918843.0,893871348.0,2.97,10,10.0
1705574585,762894062.0,893871348.0,-0.2,10,10.0
1705601867,781455295.0,898056238.0,-0.84,10,10.0
1705612885,719449558.0,838021813.0,42.99,12,10.0
1705631250,661807716.0,896818575.3810512,52.58,12,10.0
1705670226,803841295.0,829700561.0,9.82,10,10.0
1705684156,776159525.0,829700561.0,13.43,10,10.0
1705738215,774428089.0,897585543.0,12.96,10,10.0
1705745133,780666627.0,897585543.0,20.76,12,20.0
1705768889,587257866.0,900625123.0,16.38,12,20.0
1705779174,791362048.0,900625123.0,9.31,10,10.0
1705794197,702201826.0,899418492.0,5.44,10,10.0
1705825700,773428304.0,902933443.0,10.97,10,10.0
1705842386,733378564.0,902933443.0,8.57,10,10.0
1705858687,799645337.0,900619629.0,9.55,10,10.0
1705885701,584500256.0,908120016.0,6.77,10,10.0
1705913540,795765718.0,892178748.0,6.75,10,10.0
1705924115,706210074.0,892178748.0,11.46,10,10.0
1705930484,639945228.0,892178748.0,10.37,10,10.0
1705958266,444284228.0,898362825.0,7.37,10,10.0
1705960395,797706345.0,898362825.0,6.39,10,10.0
1705976910,553177845.0,894226372.0,0.82,10,10.0
1706051327,411671596.0,907808303.0,6.14,10,10.0
1706141851,443308326.0,889680944.0,8.2,10,10.0
1706166912,467244764.0,889680944.0,10.68,10,10.0
1706181049,588098995.0,876351423.0,10.28,10,10.0
1706191159,298530676.0,896818575.3810512,6.09,10,10.0
1706216367,378536333.0,885053139.0,19.66,10,100.0
1706232106,528587637.0,863293440.0,-0.67,10,10.0
1706237478,402706236.0,863293440.0,-0.04,10,10.0
1706291786,557799318.0,889222646.0,1.5,10,10.0
1706313737,716496438.0,906959469.0,1.41,10,10.0
1706360720,638952021.0,898054262.0,1.63,10,10.0
1706393885,1184734763.8888597,896818575.3810512,0.44,10,10.0
1706431737,735944427.0,824603176.0,39.91,13,10.0
1706450236,545889047.0,890278700.0,45.11,12,3.0
1706488678,718064485.0,890713506.0,1.22,10,10.0
1706516208,718112455.0,875189309.0,0.76,10,10.0
1706534203,284791404.0,877817373.0,8.4,10,10.0
1706548709,1194710036.3930092,906291714.0,4.1,10,10.0
1706557423,626261984.0,896818575.3810512,-3.84,10,10.0
1706575995,462637861.0,918922977.0,15.76,10,10.0
1706618762,432223653.0,903106851.0,12.03,10,10.0
1706641159,434582779.0,896818575.3810512,7.45,10,10.0
1706653782,411514000.0,910709065.0,8.72,10,10.0
1706664506,730910997.0,896818575.3810512,9.26,10,10.0
1706695663,853489843.0,921128311.0,11.46,10,10.0
1706722753,847344649.0,906339293.0,9.04,10,10.0
1706737692,890472119.0,906339293.0,6.3,10,10.0
1706755970,854385278.0,920804054.0,8.93,10,10.0
1706792513,790928182.0,894172871.0,-1.55,10,10.0
1706810938,728759736.0,895063131.0,11.45,10,10.0
1706832168,815739943.0,894047972.0,22.32,10,10.0
1706902479,450469128.0,862037432.0,-0.47,10,10.0
1706913385,697673285.0,862037432.0,4.03,10,10.0
1706992074,1184734763.8888597,893078435.0,12.36,9,100.0
1707008368,629427793.0,896818575.3810512,41.79,11,100.0
1707035317,477674449.0,896818575.3810512,24.18,9,100.0
1707053427,763942336.0,897057934.0,14.73,11,100.0
1707087204,778698117.0,886886866.0,40.46,11,100.0
1707107248,1194710036.3930092,886886866.0,37.12,11,100.0
1707126581,613988028.0,878602752.0,38.56,11,100.0
1707135719,658974490.0,878602752.0,37.98,11,100.0
1707215884,269747754.0,890036782.0,42.06,11,100.0
1705429322,2430418739.0,896818575.3810512,13.11,7,100.0
1705429649,942089056.0,4364615523.0,12.8,7,100.0
1705443369,2430127916.0,2226436852.0,13.13,7,100.0
1705453523,1676923597.0,4268095016.0,12.79,7,100.0
1705470043,2078037307.0,4922868388.0,12.73,7,100.0
1705475725,1273024711.0,896818575.3810512,12.72,7,100.0
1705487394,1354297880.0,4579131620.0,12.87,7,100.0
1705518556,908385204.0,896818575.3810512,13.48,7,100.0
1705538354,13107089.0,949653284.0,25.04,7,100.0
1705561868,1213357473.0,4861242361.0,11.89,7,100.0
1705577536,3339683171.0,4861242361.0,12.02,7,100.0
1705607563,1049424620.0,3495370074.0,12.5,7,100.0
1705620310,4928322.0,770005480.5148643,27.49,7,100.0
1705646737,2450519171.0,4777642833.0,26.16,7,100.0
1705660343,1095759892.0,4777642833.0,24.88,7,100.0
1705682328,602929752.0,896818575.3810512,17.15,7,100.0
1705815056,3213316917.0,5851877568.0,12.22,7,100.0
1705833704,1179529107.0,5319753920.0,12.34,7,100.0
1705856238,1147356964.0,4468317909.0,12.09,7,100.0
1705858263,1675618667.0,4468317909.0,12.46,7,100.0
1705883350,422996065.0,2994179133.0,14.21,7,100.0
1705914468,868852289.0,3577457748.0,14.07,7,100.0
1705922430,2873733707.0,896818575.3810512,14.53,7,100.0
1705940580,327260929.0,2492352817.0,13.13,7,100.0
1705951743,2336811172.0,1675993795.0,12.95,7,100.0
1705969531,14680082.0,1953044494.0,12.54,7,100.0
1705977333,2550999480.0,1953044494.0,11.34,7,100.0
1706104368,604298645.0,2974445672.0,16.97,7,100.0
1706129375,2451005858.0,3837909520.0,19.89,7,100.0
1706139297,112725087.0,2947631399.0,16.81,7,100.0
1706162444,2089142423.0,3925685523.0,14.98,7,100.0
1706176259,,3925685523.0,15.03,7,100.0
1706202271,2770886740.0,2178454980.0,16.2,7,100.0
1706231842,1811376579.0,3179339152.0,11.23,7,100.0
1706301863,1974360878.0,4720815961.0,11.89,7,100.0
1706313477,25270764.0,2063827619.0,11.61,7,100.0
1706343141,2694636398.0,5176405199.0,12.06,7,100.0
1706361165,1184734763.8888597,3244300470.0,11.58,7,100.0
1706375329,155399786.0,2200872893.0,11.82,7,100.0
1706393561,77018072.0,2324636495.0,10.71,7,100.0
1706443838,2286515362.0,6642023185.0,11.41,7,100.0
1706449369,657970868.0,6642023185.0,12.12,7,100.0
1706477653,1365613568.0,2332186345.0,12.53,7,100.0
1706513792,2952460078.0,6472147570.0,11.94,7,100.0
1706532180,708945991.0,4549846442.0,11.81,7,100.0
1706548773,2399722204.0,4549846442.0,12.63,7,100.0
1706556641,1969859207.0,992843043.0,12.05,7,100.0
1706576448,1056045031.0,3171590939.0,16.79,7,100.0
1706597091,2386013340.0,3251685754.0,17.3,7,100.0
1706609352,1860394119.0,3251685754.0,18.55,7,100.0
1706661072,1070823426.0,4515586105.0,15.36,7,100.0
1706687805,1962559809.0,5026669912.0,12.77,7,100.0
1706707284,2319025068.0,896818575.3810512,15.33,7,100.0
1706732506,611011834.0,896818575.3810512,30.0,7,100.0
1706739083,1912170452.0,6063193434.0,13.97,7,100.0
1706793433,3432654174.0,4219534804.0,16.79,7,100.0
1706802459,1044960868.0,4219534804.0,13.39,7,100.0
1706824958,227437442.0,4277606389.0,24.14,7,100.0
1706861754,2129569502.0,4277606389.0,13.6,7,100.0
1706903683,2361449004.0,4714974033.0,14.39,7,100.0
1706924809,1017122178.0,4714974033.0,13.94,7,100.0
1706956461,1874886373.0,3665128732.0,13.74,7,100.0
1706970547,742028108.0,4387812777.0,13.75,6,100.0
1706979315,1194710036.3930092,4387812777.0,10.66,6,100.0
1707000206,1238789049.0,4392641491.0,14.57,6,100.0
1707005956,733167638.0,896818575.3810512,14.34,6,100.0
1707038422,1194710036.3930092,896818575.3810512,14.31,6,100.0
1707050110,2580268297.0,4758324989.0,14.31,6,100.0
1707069439,652372276.0,6319549644.0,11.85,6,100.0
1707088520,236821753.0,6319549644.0,12.58,6,100.0
1707098962,1424607961.0,896818575.3810512,12.33,6,100.0
1707138643,3144077474.0,2703245958.0,12.23,6,100.0
1707155087,1583560979.0,2703245958.0,21.48,6,100.0
1707196065,911382498.0,1176821610.0,12.24,6,100.0
1707207589,2429034805.0,5326359398.0,10.52,6,100.0
1705459016,785193534.0,896375641.0,11.89,8,10.0
1705519532,662911271.0,904189616.0,10.46,7,100.0
1705528451,837653932.0,904189616.0,3.77,7,100.0
1705620643,803894689.0,905241363.0,22.0,7,100.0
1705657047,720424501.0,906234028.0,19.72,7,100.0
1705718548,892613486.0,906545927.0,15.62,7,100.0
1705870363,745339187.0,905346176.0,2.63,7,100.0
1705882652,761895435.0,905346176.0,5.14,7,100.0
1705901354,884899347.0,905351201.0,6.43,7,100.0
1705916200,776363884.0,897740811.0,14.48,7,100.0
1705947348,601411125.0,892341611.0,9.76,7,100.0
1705994235,1184734763.8888597,896818575.3810512,8.87,7,100.0
1706008179,432117283.0,888578716.0,9.65,7,100.0
1706021935,468243766.0,888578716.0,23.73,8,10.0
1706036650,628729847.0,890711502.0,18.55,8,10.0
1706047936,626994106.0,890711502.0,17.98,8,10.0
1706062020,455295455.0,890711502.0,8.9,8,10.0
1706113477,443129303.0,890924870.0,23.58,8,10.0
1706124185,623783484.0,890924870.0,15.42,8,10.0
1706134426,430756442.0,889824619.0,11.37,8,10.0
1706162300,638261003.0,878866742.0,16.37,8,10.0
1706184324,1194710036.3930092,886525494.0,19.68,8,10.0
1706202322,471494437.0,867959478.0,8.36,7,100.0
1706213778,372243884.0,888816691.0,15.03,7,100.0
1706217803,578297442.0,896818575.3810512,17.51,7,100.0
1706253612,791728813.0,886786398.0,7.43,7,100.0
1706279068,509714908.0,887778468.0,7.51,7,100.0
1706305488,462998640.0,901620192.0,8.89,7,100.0
1706334143,515009570.0,901620192.0,8.98,7,100.0
1706349614,584948940.0,889397184.0,9.9,7,100.0
1706361361,438923291.0,754866502.0087214,8.72,7,100.0
1706371319,467981598.0,723050316.0,7.62,7,100.0
1706396141,1184734763.8888597,896479154.0,8.15,7,100.0
1706397165,807456029.0,896479154.0,8.6,7,100.0
1706440712,682783539.0,880178435.0,8.59,7,100.0
1706442288,580020191.0,880178435.0,13.75,8,10.0
1706455636,576401766.0,880178435.0,12.85,8,10.0
1706458407,631244235.0,896818575.3810512,12.69,8,10.0
1706470183,601253869.0,889036850.0,14.8,8,10.0
1706490864,504680209.0,875824154.0,12.88,8,10.0
1706494770,619027151.0,875824154.0,13.24,8,10.0
1706528684,1194710036.3930092,873310669.0,13.59,8,10.0
1706560398,681626828.0,889354314.0,11.9,8,10.0
1706565853,662431459.0,889354314.0,16.21,8,10.0
1706604349,821404350.0,897969224.0,8.99,7,100.0
1706613363,726034203.0,897969224.0,7.94,7,100.0
1706621033,813748584.0,896818575.3810512,10.11,7,100.0
1706652416,804158684.0,900937625.0,12.46,8,10.0
1706679995,630720135.0,892968393.0,13.81,8,10.0
1706696873,622555841.0,892968393.0,13.15,8,10.0
1706719457,827906326.0,901188259.0,10.97,7,100.0
1706726284,782446276.0,903615654.0,8.66,7,100.0
1706750452,767523745.0,899732661.0,6.44,7,100.0
1706794417,743708998.0,896818575.3810512,10.97,7,100.0
1706809829,840178997.0,896818575.3810512,7.79,7,100.0
1706835962,690445327.0,900583995.0,20.91,7,100.0
1706865731,832094489.0,901840446.0,10.01,7,100.0
1706867247,854852139.0,901840446.0,10.07,7,100.0
1706881782,599577375.0,901840446.0,8.55,7,100.0
1706923934,797101846.0,905549644.0,12.41,7,100.0
1706992801,618925542.0,895801074.0,5.18,6,100.0
1707010391,844801163.0,896818575.3810512,12.15,6,100.0
1707120240,733120048.0,886046498.0,8.15,6,100.0
1707143750,651638988.0,886046498.0,4.58,6,100.0
1707152241,563557501.0,886046498.0,17.31,6,100.0
1707186355,757603508.0,906121604.0,33.18,6,100.0
1705429761,1348626696.0,2447808742.0,9.86,9,100.0
1705432862,2100679892.0,2447808742.0,11.07,9,100.0
1705440211,825076563.0,1311933340.0,12.45,9,100.0
1705442140,1184734763.8888597,1311933340.0,11.12,9,100.0
1705452123,1590189849.0,1762710094.0,12.16,9,100.0
1705469309,951952101.0,896818575.3810512,11.55,9,100.0
1705469813,1895406261.0,2502946907.0,11.79,9,100.0
1705503382,1281604510.0,2684972428.0,13.28,9,100.0
1705516967,1518341236.0,2684972428.0,12.45,9,100.0
1705529380,1978138426.0,2362243233.0,11.19,9,100.0
1705544238,632662062.0,1989641255.0,31.76,10,100.0
1705575979,1542770023.0,2649338480.0,11.78,9,100.0
1705587138,802421780.0,2649338480.0,13.45,9,100.0
1705605344,757302275.0,2475639715.0,10.07,9,100.0
1705613593,1165235556.0,2475639715.0,10.54,9,100.0
1705621793,2464162.0,610167960.0,25.39,9,100.0
1705663428,938842286.0,2228417943.0,23.98,9,100.0
1705675703,1176297144.0,896818575.3810512,14.83,9,100.0
1705691299,1177606044.0,2472592040.0,11.23,9,100.0
1705705942,63334120.0,896818575.3810512,12.8,9,100.0
1705714033,253388707.0,2472592040.0,15.19,9,100.0
1705739007,1184734763.8888597,2601502869.0,14.81,9,100.0
1705763369,1194710036.3930092,2362011881.0,14.87,9,100.0
1705771079,1513789079.0,2652530013.0,11.66,9,100.0
1705787485,1407244657.0,2340116536.0,11.4,9,100.0
1705798856,380424323.0,2340116536.0,13.24,9,100.0
1705861915,867286706.0,754866502.0087214,10.71,9,100.0
1705869484,765200937.0,2398517179.0,11.49,9,100.0
1705911395,1519426306.0,2544272439.0,12.74,9,100.0
1705924665,2061040716.0,3433203521.0,10.79,9,100.0
1705965849,22596951.0,2255083894.0,11.25,9,100.0
1705973509,1194710036.3930092,2255083894.0,11.42,9,100.0
1706036605,1194710036.3930092,2222562912.0,12.62,11,20.0
1706039871,1165285771.0,2222562912.0,19.47,9,100.0
1706060982,1725008996.0,2694840858.0,10.16,9,100.0
1706101824,1681653844.0,1166203976.0,12.87,9,100.0
1706118087,580494082.0,1166203976.0,16.84,11,20.0
1706136081,553700390.0,1988432000.0,18.03,9,100.0
1706148569,1794951050.0,1988432000.0,15.61,11,20.0
1706209892,808318300.0,1721185494.0,16.28,11,20.0
1706224666,1358699417.0,721107373.0,22.8,9,100.0
1706256516,880963549.0,2650349024.0,12.3,9,100.0
1706275219,1629533829.0,2650349024.0,11.0,9,100.0
1706293889,1794067961.0,1921761521.0,10.61,9,100.0
1706301146,1191855984.0,2287940631.0,10.89,9,100.0
1706331876,1194710036.3930092,2532258611.0,10.39,9,100.0
1706368600,1348374800.0,2621573042.0,11.37,9,100.0
1706374627,178573314.0,2621573042.0,9.0,9,100.0
1706397946,42048200.0,2106033738.0,11.16,10,100.0
1706400568,12897534.0,2106033738.0,11.67,9,100.0
1706455795,1858808444.0,2535344767.0,10.82,9,100.0
1706485377,241487378.0,2466200419.0,10.26,9,100.0
1706492651,1090712196.0,1470862972.0,11.56,9,100.0
1706518479,1016068365.0,1470862972.0,11.72,9,100.0
1706544759,957245509.0,2555743263.0,14.44,9,100.0
1706580130,1806588760.0,2355476352.0,12.8,9,100.0
1706643528,1254887971.0,896818575.3810512,13.64,9,100.0
1706660386,2013474527.0,896818575.3810512,12.93,9,100.0
1706680391,1184734763.8888597,2600492144.0,11.68,9,100.0
1706706688,764206506.0,2153672184.0,13.57,9,100.0
1706718146,993004252.0,896818575.3810512,14.87,9,100.0
1706730912,1324410141.0,1902802624.0,23.26,11,20.0
1706737518,1409134916.0,2520313413.0,13.93,9,100.0
1706816525,1672368176.0,1608881218.0,33.68,9,100.0
1706828346,607652982.0,1567310465.0,24.56,9,100.0
1706870063,1184734763.8888597,2540113786.0,11.82,9,100.0
1706892434,1673934772.0,2239510972.0,12.36,9,100.0
1706908356,1742844879.0,2544477320.0,13.27,9,100.0
1706922159,1184734763.8888597,2492986074.0,12.02,9,100.0
1706956970,1540102083.0,896818575.3810512,12.48,9,100.0
1706971037,1349256584.0,1265532006.0,12.65,8,100.0
1706986354,1600494537.0,1548811007.0,9.59,8,100.0
1706996456,1184734763.8888597,2644043422.0,10.45,8,100.0
1707007659,457342139.0,2644043422.0,13.56,8,100.0
1707051068,1690991751.0,2723099715.0,13.16,8,100.0
1707067247,1184734763.8888597,2546367560.0,10.43,8,100.0
1707085259,454980925.0,1948733090.0,10.44,8,100.0
1707129409,1585081971.0,3078985213.0,10.06,8,100.0
1707172800,648234058.0,896818575.3810512,19.02,8,100.0
1707183466,1220810213.0,3053837262.0,10.23,8,100.0
1707212688,2456252202.0,2641528022.0,9.76,8,100.0
1707220980,2453768526.0,2641528022.0,11.9,8,100.0
1705422972,2162061340.0,1435555341.0,14.23,9,10.0
1705441060,1295412085.0,1435555341.0,13.92,8,10.0
1705456485,1194710036.3930092,1435555341.0,16.91,8,10.0
1705466376,144755779.9813367,2283688303.0,9.03,8,10.0
1705482068,831444643.0,2283688303.0,9.76,7,100.0
1705483913,960669191.2894089,2283688303.0,10.05,7,100.0
1705499669,2266033662.0,3862119757.0,8.69,7,100.0
1705514820,1184734763.8888597,3140288122.0,8.07,7,100.0
1705567021,689230624.0,3579920214.0,13.39,8,10.0
1705578972,1513933953.0,3579920214.0,10.81,7,100.0
1705594617,1184734763.8888597,3709523820.0,11.5,7,100.0
1705608840,1251999618.0,2534177316.0,5.41,7,100.0
1705678826,986209211.0,3250783287.0,12.33,7,100.0
1705684756,2153443518.0,3250783287.0,11.11,7,100.0
1705695584,2072041505.0,2733858556.0,7.78,7,100.0
1705712812,1194710036.3930092,896818575.3810512,11.63,7,100.0
1705746108,2062613525.0,3390882356.0,11.65,7,100.0
1705753163,1460405319.0,896818575.3810512,10.11,7,100.0
1705778706,2116464529.0,896818575.3810512,6.52,7,100.0
1705792223,1184734763.8888597,2447733882.0,6.23,7,100.0
1705805350,2343751013.0,2447733882.0,11.67,8,10.0
1705848552,1614284527.0,2780364343.0,13.95,8,10.0
1705859225,144755779.9813367,2780364343.0,7.42,7,100.0
1705876667,2571309839.0,3136059413.0,9.19,7,100.0
1705909898,596954406.0,3133939051.0,9.08,7,100.0
1705924538,576560061.0,2180113110.0,10.31,7,100.0
1705948039,2184296523.0,4379866256.0,10.25,7,100.0
1705953232,2690287488.0,4379866256.0,7.8,7,100.0
1706001184,874832686.0,3398436635.0,7.53,7,100.0
1706049070,1559241087.0,1360208910.0,11.86,8,10.0
1706064272,1184734763.8888597,2969931115.0,10.71,8,10.0
1706094900,2249529776.0,2242534819.0,31.64,9,100.0
1706109551,1175352011.0,896818575.3810512,13.8,9,10.0
1706119599,1863870935.0,3435971947.0,15.11,8,10.0
1706131572,2150459079.0,3435971947.0,9.84,8,10.0
1706181919,1200581137.0,3421916245.0,16.76,8,10.0
1706191431,960669191.2894089,3421916245.0,12.84,8,10.0
1706208328,820978925.0,3421916245.0,1.07,7,100.0
1706225484,1741741780.0,2181255974.0,11.15,7,100.0
1706232269,1504767491.0,2181255974.0,3.86,7,100.0
1706260234,466565150.0,1660691207.0,8.66,7,100.0
1706284102,2244849429.0,3923094469.0,6.84,7,100.0
1706293702,650227049.0,3923094469.0,7.94,8,100.0
1706304448,1184734763.8888597,3006441664.0,7.56,7,100.0
1706317423,1873812432.0,3122519059.0,6.79,7,100.0
1706367153,937641159.0,896818575.3810512,5.0,7,100.0
1706371384,1886399919.0,2942555461.0,7.35,7,100.0
1706394019,1184734763.8888597,2966723468.0,6.41,7,100.0
1706468469,1709342320.0,2414150981.0,12.55,9,10.0
1706482893,1077947554.0,2534726972.0,11.58,8,10.0
1706492339,894856503.0,2534726972.0,13.15,9,10.0
1706522632,432539005.0,2323435397.0,12.81,8,10.0
1706532341,595137133.0,2323435397.0,12.32,8,10.0
1706551166,1471471335.0,2080455404.0,13.15,8,10.0
1706562415,1132040555.0,2080455404.0,14.54,8,10.0
1706623299,1053503095.0,2775682337.0,10.23,7,100.0
1706630878,1837590483.0,2775682337.0,9.92,7,100.0
1706652290,1184734763.8888597,896818575.3810512,10.55,8,10.0
1706660768,1216538276.0,2400981337.0,14.1,8,10.0
1706692659,1184734763.8888597,896818575.3810512,44.68,8,10.0
1706706216,1489970938.0,2373097233.0,10.81,9,10.0
1706716287,1194710036.3930092,2885785721.0,10.62,7,100.0
1706738125,1322567387.0,2936123529.0,11.62,7,100.0
1706751897,1411497046.0,2936123529.0,8.46,7,100.0
1706789326,2204053359.0,999480243.4662465,12.14,7,100.0
1706810177,1692299344.0,2903146329.0,12.29,7,100.0
1706829831,1976157000.0,3194644389.0,23.47,7,100.0
1706841250,1221938475.0,2800060712.0,8.87,7,100.0
1706867715,996361448.0,1195218098.0,12.75,7,100.0
1706885831,2771482634.0,1195218098.0,12.49,7,100.0
1706892689,2095587818.0,1195218098.0,12.67,7,100.0
1706912467,1382652797.0,2754719519.0,8.3,7,100.0
1706926079,766258039.0,2454054719.0,1.54,7,100.0
1706955493,1832288756.0,909745765.0,4.44,7,100.0
1706975052,1572609719.0,1519912507.0,5.47,6,100.0
1706987895,1939843558.0,1519912507.0,1.2,6,100.0
1707002608,1194710036.3930092,2598540694.0,17.65,6,100.0
1707009020,2049448862.0,2598540694.0,13.05,6,100.0
1707054702,1261091367.0,2901093478.0,10.48,6,100.0
1707062854,2309301786.0,2901093478.0,9.93,6,100.0
1707087631,1184734763.8888597,2893433091.0,10.36,6,100.0
1707092721,1183144165.0,2893433091.0,9.0,6,100.0
1707126911,1001862690.0,3627817164.0,9.59,6,100.0
1707145733,2219912794.0,3817554460.0,7.11,6,100.0
1707160429,2478642662.0,2731363364.0,15.78,6,100.0
1707163260,1329798099.0,2731363364.0,14.7,6,100.0
1705446024,276041082.0,870581529.0,12.84,10,10.0
1705467752,659399688.0,884423594.0,29.56,10,100.0
1705481672,813378044.0,896012940.0,13.76,10,10.0
1705496928,815534020.0,896012940.0,12.18,10,10.0
1706228739,192833319.0,885156625.0,41.61,10,100.0
1706258874,100348873.0,885156625.0,21.56,10,10.0
1706275518,150261143.0,1067556826.0,17.8,10,10.0
1706297960,1184734763.8888597,1037357014.0,15.24,10,10.0
1706300405,46661531.0,1037357014.0,18.35,10,10.0
1706331191,64067426.0,1362573173.0,20.14,10,10.0
1706350084,53634689.0,1227207364.0,19.51,10,10.0
1706356246,124368731.0,1070643118.0,19.91,10,10.0
1706357853,59559352.0,1070643118.0,19.83,10,10.0
1706396096,183186840.0,896818575.3810512,14.14,10,10.0
1706401084,75130970.0,1385591443.0,15.52,10,10.0
1706434629,37853671.0,1169741062.0,29.22,11,10.0
1706447109,84463130.0,981573760.0,37.36,10,3.0
1706458784,145123136.0,981573760.0,23.44,10,10.0
1706467911,96783197.0,896818575.3810512,25.81,10,10.0
1706485653,121478464.0,896818575.3810512,24.37,10,10.0
1706490215,41104212.0,896818575.3810512,27.99,10,10.0
1706526723,245052701.0,,25.79,10,10.0
1706529107,1184734763.8888597,1606464448.0,25.31,10,10.0
1706569527,95151825.0,1716196273.0,20.01,10,10.0
1706578623,93900215.0,1392195956.0,18.31,10,10.0
1706608843,111516447.0,1617959806.0,16.73,10,10.0
1706618009,62757336.0,1617959806.0,26.03,10,10.0
1706628379,163315875.0,1504347982.0,23.59,10,10.0
1706636504,115710326.0,1504347982.0,12.83,10,10.0
1706649785,53372529.0,1357121659.0,20.85,10,10.0
1706668191,99667502.0,1357121659.0,18.55,10,10.0
1706700937,79429882.0,896818575.3810512,14.35,10,10.0
1706719572,72456724.0,1886084213.0,16.6,10,10.0
1706732284,58091284.0,1307889237.0,30.46,10,10.0
1706748609,1194710036.3930092,1307889237.0,15.55,10,10.0
1706820150,42572262.0,1170691338.0,27.79,10,10.0
1706825310,148321638.0,1034101359.0,32.0,10,10.0
1706863529,104596067.0,808193103.0,23.97,11,10.0
1706872071,130862520.0,862725559.0,24.68,10,10.0
1706887925,92327029.0,896818575.3810512,25.49,10,10.0
1706896127,88027871.0,1334997738.0,19.73,10,10.0
1706906737,51746089.0,1483213940.0,21.23,10,10.0
1706918186,73505258.0,896818575.3810512,23.65,10,10.0
1706954232,134804629.0,1365610006.0,20.21,10,10.0
1706989217,147116213.0,836552014.2187874,31.37,9,100.0
1706995894,63806264.0,1014497888.0,31.55,9,100.0
1707011711,96574144.0,670617786.0,46.33,11,100.0
1707043748,128292356.0,1189248696.0,29.87,9,100.0
1707058383,181928499.0,1250082478.0,29.77,11,100.0
1707090271,125037936.0,653157827.0,47.99,11,100.0
1707174312,47134584.0,1054989919.0,61.04,11,100.0
1707177589,84037891.0,1054989919.0,59.73,11,100.0
1707215825,1194710036.3930092,593755981.0,61.53,11,100.0
1705430029,849799758.0,915732354.0,11.94,8,10.0
1705439096,927362747.0,924008543.0,9.67,8,10.0
1705443562,917192178.0,926896031.0,8.09,8,10.0
1705444899,889532247.0,915409639.0,8.63,8,10.0
1705452605,807560927.0,916507669.0,10.48,8,10.0
1705469896,938022340.0,915558824.0,0.91,8,10.0
1705471500,895119319.0,915558824.0,-0.38,8,10.0
1705501160,913049834.0,916405011.0,-3.91,8,10.0
1705513993,887252449.0,913570195.0,10.5,8,10.0
1705524205,911476465.0,913570195.0,8.95,8,10.0
1705674394,899365613.0,933864353.0,10.72,8,10.0
1705700183,938224429.0,914785569.0,11.13,8,10.0
1705739970,936592110.0,926893343.0,3.75,8,10.0
1705745324,666112666.0,926893343.0,3.34,8,10.0
1705758272,647234603.0,928405708.0,14.12,8,10.0
1705767745,704224873.0,927204301.0,12.19,8,10.0
1705785166,831837004.0,999480243.4662465,8.18,8,10.0
1705801117,911580366.0,916229776.0,8.68,8,10.0
1705834602,835504604.0,926732441.0,8.87,8,10.0
1705850121,468138229.0,916036451.0,7.76,8,10.0
1705867905,499539279.0,918236352.0,18.88,8,10.0
1705877698,141558036.0,896818575.3810512,19.58,8,10.0
1705889529,851286638.0,914630688.0,18.99,8,10.0
1705926831,723152282.0,916877421.0,15.69,8,10.0
1705941245,784793178.0,916877421.0,4.01,8,10.0
1705960865,767084276.0,914571371.0,19.26,8,10.0
1705964426,593909942.0,914571371.0,21.09,8,10.0
1705998322,624060630.0,911161937.0,6.13,8,10.0
1706051890,745694673.0,884429944.0,13.64,8,10.0
1706053637,756467646.0,884429944.0,15.27,8,10.0
1706131442,876053669.0,895643250.0,6.58,8,10.0
1706146109,445540499.0,895643250.0,15.25,8,10.0
1706171785,862671713.0,884586232.0,14.74,8,10.0
1706207304,457546595.0,857785538.0,11.07,8,10.0
1706219309,667019637.0,857785538.0,13.27,10,10.0
1706266209,639894655.0,851757560.0,0.03,8,10.0
1706279566,789525812.0,891910778.0,2.5,8,10.0
1706294106,555957691.0,865177029.0,1.12,8,10.0
1706297252,689018807.0,865177029.0,1.18,8,10.0
1706307598,552969567.0,848198766.0,-4.88,8,10.0
1706348728,1184734763.8888597,878043995.0,-3.32,8,10.0
1706359742,452147146.0,878043995.0,-3.07,8,10.0
1706360036,666686220.0,878043995.0,-4.23,8,10.0
1706377716,1184734763.8888597,883273646.0,13.93,8,10.0
1706386902,398481035.0,883273646.0,14.24,8,10.0
1706405062,414816852.0,884004030.0,14.45,8,10.0
1706422410,911371516.0,905213137.0,14.18,8,10.0
1706440391,758942019.0,906108932.0,14.13,8,10.0
1706456868,430704594.0,896818575.3810512,14.13,8,10.0
1706471336,694161492.0,866334054.0,13.76,8,10.0
1706474272,402917544.0,866334054.0,14.65,8,10.0
1706477295,1194710036.3930092,880912089.0,13.87,8,10.0
1706512486,856683850.0,911736649.0,13.16,8,10.0
1706559818,144755779.9813367,858975764.0,10.64,8,10.0
1706580927,508664802.0,861724194.0,14.34,8,10.0
1706598380,1194710036.3930092,896818575.3810512,10.39,8,10.0
1706601833,575303322.0,877346697.0,10.15,8,10.0
1706617558,481037775.0,896818575.3810512,16.79,8,10.0
1706642712,430966589.0,848617266.0,14.41,8,10.0
1706646166,689597661.0,848617266.0,12.78,8,10.0
1706667644,931818227.0,913679164.0,15.15,8,10.0
1706723183,811338560.0,915933654.0,14.95,8,10.0
1706728018,924478602.0,896818575.3810512,14.75,8,10.0
1706746039,928410927.0,844894758.0,-4.36,8,10.0
1706768051,937433177.0,916091124.0,-4.71,8,10.0
1706781471,921754742.0,916091124.0,1.36,8,10.0
1706813266,904767827.0,915567888.0,34.8,8,10.0
1706815481,922854090.0,915567888.0,35.89,8,10.0
1706838565,791834819.0,927205321.0,22.57,8,10.0
1706867930,792043505.0,916039108.0,11.15,8,10.0
1706875856,911162666.0,930140689.0,7.38,8,10.0
1706897392,765312530.0,916983242.0,11.68,8,10.0
1706905901,757278103.0,915251529.0,2.9,8,10.0
1707003819,807564763.0,896818575.3810512,50.54,10,100.0
1707061177,678065569.0,899739724.0,22.03,8,100.0
1707070730,894016568.0,924996970.0,23.06,8,100.0
1707086764,883845284.0,924996970.0,42.94,10,100.0
1707121850,917555740.0,897738073.0,39.72,10,100.0
1707126760,850134522.0,897738073.0,42.56,10,100.0
1707152702,845103503.0,924989552.0,35.06,10,100.0
1707166860,898374714.0,915147861.0,22.47,8,100.0
1707172759,812385799.0,915147861.0,28.27,7,10.0
1707187889,634131535.0,911633478.0,6.92,7,10.0
1707212594,881118324.0,914460157.0,12.32,7,10.0
1707228093,633081178.0,896818575.3810512,2.9,7,10.0
1705463165,743390091.0,898731703.0,22.97,13,1.0
1705471812,797496829.0,898731703.0,57.02,13,1.0
1705479177,896641282.0,896818575.3810512,26.06,9,1.0
1705493695,960669191.2894089,896818575.3810512,27.52,10,1.0
1705521780,524026956.0,683514949.0,38.43,9,1.0
1705583547,37906232.0,550608468.0,24.14,9,1.0
1705606348,353580605.0,550608468.0,23.25,9,1.0
1705616418,766826504.0,781639248.0,43.29,9,1.0
1705649346,920340585.0,881592960.0,45.94,9,1.0
1705669986,3932168.0,659135334.0,55.07,10,1.0
1705679872,9909821.0,659135334.0,44.05,10,1.0
1705695695,5819602.0,857107779.0,42.43,10,1.0
1705703959,890665041.0,857107779.0,37.93,12,1.0
1705735351,792045406.0,836552014.2187874,35.68,13,1.0
1705989708,762626541.0,770391368.0,34.71,9,1.0
1706140168,854118349.0,896818575.3810512,24.34,9,1.0
1706180139,729389611.0,365431001.0,29.93,9,1.0
1706185803,2516596.0,365431001.0,54.11,10,1.0
1706566147,389704361.0,657355614.0,60.56,9,1.0
1706594258,328415464.0,669989276.0,45.8,10,1.0
1706608581,512439065.0,663512086.0,46.18,10,1.0
1706629106,568540550.0,568803435.0,46.16,9,1.0
1706632313,59192233.0,568803435.0,26.75,9,1.0
1706639631,123523049.0,552023028.0,27.89,9,1.0
1706653085,786899177.0,816633193.0,30.45,9,1.0
1706667581,505257836.0,816633193.0,21.51,9,1.0
1706714836,497863984.0,634545449.0,37.78,9,1.0
1706729150,677375625.0,634545449.0,14.51,9,1.0
1706741045,538336818.0,657936412.0,34.9,9,1.0
1706745599,572941181.0,657936412.0,45.26,9,1.0
1706782791,837251389.0,896818575.3810512,35.21,9,1.0
1706800001,281274788.0,563083115.0,24.8,9,1.0
1706813964,481457.0,695942048.0,56.46,9,1.0
1706817490,309382348.0,695942048.0,50.21,10,1.0
1706866005,824429327.0,885630212.0,19.91,9,1.0
1706889392,303401233.0,706059920.0,20.91,9,1.0
1706916229,844051926.0,706059920.0,13.86,9,1.0
1706920104,633708077.0,872519784.0,28.81,9,1.0
1706953996,802109695.0,885838422.0,31.34,9,1.0
1706962584,353477585.0,885838422.0,49.06,8,1.0
1706981342,833829761.0,263455536.0,57.45,12,1.0
1706995253,704860399.0,870201218.0,51.29,12,1.0
1707042777,132855064.0,853966400.0,53.75,8,1.0
1707049989,160956367.0,896818575.3810512,50.4,8,1.0
1707075236,31719511.0,853966400.0,51.89,8,1.0
1707090209,1184734763.8888597,238761937.0,70.74,14,1.0
1707125061,86350462.0,896818575.3810512,51.79,8,1.0
1707142658,472700258.0,801117791.0,58.38,14,1.0
1705818309,1758380656.0,3413496218.0,5.37,7,100.0
1705832494,2154879772.0,3859198888.0,6.08,7,100.0
1705846750,1221488991.0,3859198888.0,5.52,7,100.0
1706040717,1847136540.0,2608681529.0,7.95,8,20.0
1706102253,1000077709.0,3080410340.0,22.07,7,100.0
1706127490,2103181942.0,3046884172.0,13.22,7,100.0
1706161198,1194710036.3930092,3391794165.0,13.87,7,100.0
1706177281,2284085111.0,3050038882.0,14.65,7,100.0
1706463223,2098553936.0,3408232525.0,5.16,7,100.0
1706475386,1147175873.0,3408232525.0,6.2,7,100.0
1706491311,638240415.0,3554522818.0,3.69,7,100.0
1706515165,1347375074.0,3108195661.0,5.27,7,100.0
1706523157,1889232603.0,3108195661.0,5.04,7,100.0
1706544232,1665873357.0,2692467232.0,14.82,8,20.0
1706563097,1536215731.0,896818575.3810512,11.65,8,20.0
1706563421,1823688303.0,3158049241.0,12.08,8,20.0
1706593232,653649955.0,3696580594.0,8.52,8,20.0
1706619877,1753589580.0,2899794440.0,12.26,8,20.0
1706658196,120324462.0,2803316768.0,10.17,7,100.0
1706717275,2460018612.0,1793536191.0,8.14,7,100.0
