,Timestamp_cubic,Vazao,Vazao_bbr,Atraso(ms),Hop_count,Bottleneck,Link_bottleneck
0,1705434572,683974155.0,922016472.0,40.46,8,100.0,ce-rn
1,1705455301,849242466.0,923695263.0,35.47,8,100.0,ce-rn
2,1705504157,554855405.0,912053365.0,18.77,8,100.0,ce-rn
3,1705512560,597482846.0,912053365.0,17.85,8,100.0,ce-rn
4,1705528057,777259019.0,912053365.0,20.84,8,100.0,ce-rn
5,1705531070,603770483.0,912053365.0,21.15,8,100.0,ce-rn
6,1705800262,529820657.0,937848484.0,15.44,8,100.0,ce-rn
7,1706038344,905714086.0,925787611.0,10.81,7,40.0,ba-pb
8,1706054895,857839639.0,911388422.0,9.93,7,40.0,ba-pb
9,1706081810,873567792.0,913735933.0,9.79,7,40.0,ba-pb
10,1706089948,836294674.0,901438406.0,34.12,8,100.0,ce-rn
11,1706116563,836133791.0,924685127.0,34.77,8,100.0,ce-rn
12,1706148330,717018670.0,922961809.0,34.32,8,100.0,ce-rn
13,1706193506,852969222.0,911945179.0,34.79,8,100.0,ce-rn
14,1706209316,921175213.0,911945179.0,18.25,9,100.0,ce-rn
15,1706220353,862277070.0,912208554.0,17.67,9,100.0,ce-rn
16,1706629937,714034503.0,904296102.0,31.6,8,100.0,ce-rn
17,1706643716,771588555.0,904296102.0,16.04,9,100.0,ce-rn
18,1706662835,917452534.0,925426393.0,10.66,29,100.0,ce-rn
19,1706745506,548878369.0,921174752.0,33.9,8,100.0,ce-rn
20,1706749466,579600094.0,921174752.0,34.51,8,100.0,ce-rn
21,1706804206,912471656.0,905051939.0,33.8,8,100.0,ce-rn
22,1706820864,683460640.0,905051939.0,35.52,8,100.0,ce-rn
23,1706840637,838076840.0,905051939.0,34.69,8,100.0,ce-rn
24,1706842685,595434655.0,905051939.0,35.26,8,100.0,ce-rn
25,1706884832,786486984.0,923895370.0,38.39,8,100.0,ce-rn
26,1706897035,663327419.0,923895370.0,34.84,9,100.0,ce-rn
27,1706919402,851865527.0,918344421.0,17.62,8,100.0,ce-rn
28,1706954104,846271161.0,915914492.0,18.17,8,100.0,ce-rn
29,1706970699,794350377.0,915914492.0,18.85,8,100.0,ce-rn
30,1706982134,819467265.0,922697127.0,20.62,8,100.0,ce-rn
31,1706997511,660132539.0,921048941.0,19.76,9,100.0,ce-rn
32,1707015294,674848531.0,911529577.0,35.52,8,100.0,ce-rn
33,1707060481,845731002.0,920102638.0,34.54,8,100.0,ce-rn
34,1707073431,732009075.0,920102638.0,34.24,8,100.0,ce-rn
35,1707080574,517994316.0,920102638.0,35.46,8,100.0,ce-rn
36,1707092350,683515940.0,920850064.0,34.39,8,100.0,ce-rn
37,1707140554,633081716.0,919724404.0,12.0,8,100.0,ce-rn
38,1707143823,777362633.0,919724404.0,23.59,9,100.0,ce-rn
39,1707157092,846522753.0,919724404.0,34.48,9,100.0,ce-rn
40,1707172955,667736201.0,920864323.0,30.42,8,100.0,ce-rn
41,1707299779,846792791.0,915828751.0,35.59,9,100.0,ce-rn
42,1707311720,805049497.0,918984595.0,35.22,9,100.0,ce-rn
43,1707351714,862979730.0,911264107.0,27.76,8,100.0,ce-rn
44,1707372715,860201342.0,911264107.0,26.48,8,100.0,ce-rn
45,1707392099,788528363.0,923126856.0,27.56,8,100.0,ce-rn
46,1707404497,842099494.0,923126856.0,17.66,8,100.0,ce-rn
47,1707416183,758491810.0,925317880.0,15.81,7,40.0,ba-pb
48,1705714315,696570255.0,922380754.0,53.55,7,3.0,am-df
49,1705784545,922119578.0,922381907.0,55.21,7,3.0,am-df
50,1705798550,774743980.0,920547263.0,60.58,11,100.0,ce-rn
51,1706015415,781661839.0,920390391.0,41.43,11,100.0,ce-rn
52,1706043799,870222185.0,919708262.0,60.31,11,40.0,ba-pb
53,1706061269,829133848.0,919708262.0,54.05,7,3.0,am-df
54,1706064121,742865375.0,919708262.0,55.02,7,3.0,am-df
55,1706119093,740664249.0,905266544.0,40.54,10,100.0,ce-rn
56,1706131709,780404599.0,919763773.0,46.51,7,3.0,am-df
57,1706187013,395784714.0,897585095.0,48.19,8,3.0,am-df
58,1706217630,439775303.0,920079819.0,39.92,10,100.0,ce-rn
59,1706233354,751673509.0,920079819.0,46.08,7,3.0,am-df
60,1706575130,804363494.0,916246762.0,61.23,7,3.0,am-df
61,1706625568,839910089.0,908121333.0,28.12,9,10.0,pa-ma
62,1706633136,848509778.0,920675726.0,31.57,9,10.0,pa-ma
63,1706637946,790814192.0,920675726.0,28.45,10,10.0,pa-ma
64,1706733180,510352503.0,912943470.0,42.95,10,100.0,ce-rn
65,1706746673,398983866.0,912943470.0,75.16,7,3.0,am-df
66,1706841844,562875456.0,916824763.0,73.22,7,3.0,am-df
67,1706894802,835086009.0,903256423.0,33.03,9,10.0,pa-ma
68,1706919891,878027089.0,937271391.0,38.73,10,100.0,ce-rn
69,1706988596,589666831.0,921693833.0,36.6,10,100.0,ce-rn
70,1706994618,835350325.0,916615185.0,38.15,10,100.0,ce-rn
71,1707009837,635657005.0,938167212.0,43.34,10,100.0,ce-rn
72,1707027826,889455881.0,920233196.0,45.05,10,100.0,ce-rn
73,1707047134,865184210.0,920233196.0,43.29,10,100.0,ce-rn
74,1707080657,796449604.0,695362444.0,60.87,11,100.0,ce-rn
75,1707100982,802139873.0,920337133.0,45.04,11,100.0,ce-rn
76,1707119219,818237175.0,889384288.0,53.62,11,100.0,ce-rn
77,1707126715,743181026.0,889384288.0,63.4,11,100.0,ce-rn
78,1707148073,782974557.0,920597713.0,36.6,11,100.0,ce-rn
79,1707153894,832885957.0,920597713.0,45.22,10,100.0,ce-rn
80,1707175783,816375334.0,922957841.0,44.5,10,100.0,ce-rn
81,1707185583,841424678.0,922957841.0,45.02,10,100.0,ce-rn
82,1707240969,615882252.0,870936992.0,38.26,11,100.0,ce-rn
83,1707305750,863662645.0,848141884.0,38.13,10,100.0,ce-rn
84,1707312570,704805327.0,848141884.0,32.38,10,10.0,pa-ma
85,1705435403,940109132.0,927204023.0,29.22,6,100.0,ce-rn
86,1705459648,940784174.0,915143331.0,29.9,6,100.0,ce-rn
87,1705487147,720922080.0,914101384.0,28.72,6,100.0,ce-rn
88,1705519972,938841394.0,926472891.0,28.41,6,100.0,ce-rn
89,1705598750,641730565.0,926755404.0,28.68,6,100.0,ce-rn
90,1705625835,940836979.0,913626141.0,29.01,6,100.0,ce-rn
91,1705671880,940414680.0,895642679.0,28.36,7,100.0,ce-rn
92,1705698363,805358192.0,926998525.0,28.19,6,100.0,ce-rn
93,1705716422,940895242.0,914678424.0,28.15,6,100.0,ce-rn
94,1705770446,938322456.0,625304887.0,28.19,6,100.0,ce-rn
95,1705793591,939683778.0,915198322.0,28.71,6,100.0,ce-rn
96,1705921672,939423230.0,914360283.0,28.45,7,100.0,ce-rn
97,1706000066,908877834.0,915565645.0,29.04,6,100.0,ce-rn
98,1706012899,939312455.0,915565645.0,28.15,6,100.0,ce-rn
99,1706034630,940759347.0,909803062.0,22.81,9,40.0,ba-pb
100,1706055470,940204777.0,909803062.0,43.88,9,40.0,ba-pb
101,1706082707,943510052.0,904555724.0,44.68,9,40.0,ba-pb
102,1706098999,939627497.0,854182523.0,29.82,6,100.0,ce-rn
103,1706109534,937376530.0,921191918.0,30.04,6,100.0,ce-rn
104,1706131795,940099261.0,927415315.0,30.65,6,100.0,ce-rn
105,1706136893,940786197.0,927415315.0,29.85,6,100.0,ce-rn
106,1706166126,939950952.0,915187489.0,29.03,6,100.0,ce-rn
107,1706184760,939631349.0,915827331.0,29.0,7,100.0,ce-rn
108,1706194974,912734120.0,910067892.0,31.17,7,100.0,ce-rn
109,1706216410,936327952.0,924845141.0,31.2,7,100.0,ce-rn
110,1706222205,930302441.0,924845141.0,32.7,7,100.0,ce-rn
111,1706263652,934073695.0,926208986.0,29.82,7,100.0,ce-rn
112,1706270843,938688332.0,926208986.0,29.91,8,100.0,ce-rn
113,1706612405,937794602.0,923796610.0,27.16,6,100.0,ce-rn
114,1706619063,636435080.0,923796610.0,27.74,7,100.0,ce-rn
115,1706626677,915400962.0,918866046.0,27.84,6,100.0,ce-rn
116,1706637804,939720662.0,915090811.0,30.86,6,100.0,ce-rn
117,1706651877,938636607.0,915090811.0,30.36,6,100.0,ce-rn
118,1706745742,939944419.0,925839623.0,28.58,6,100.0,ce-rn
119,1706816103,940889597.0,926182377.0,28.18,7,100.0,ce-rn
120,1706831846,939947709.0,927573761.0,27.98,6,100.0,ce-rn
121,1706840582,938296051.0,914257894.0,28.52,6,100.0,ce-rn
122,1706891534,939993652.0,914310597.0,28.0,7,100.0,ce-rn
123,1706921549,938636654.0,927477668.0,28.33,6,100.0,ce-rn
124,1706925681,940533081.0,927477668.0,28.74,6,100.0,ce-rn
125,1706977317,940418253.0,926103943.0,29.57,6,100.0,ce-rn
126,1706985258,936641823.0,911426087.0,29.22,6,100.0,ce-rn
127,1707005564,938922638.0,912193595.0,28.68,6,100.0,ce-rn
128,1707013920,939739543.0,912193595.0,29.05,7,100.0,ce-rn
129,1707079422,935594368.0,898157368.0,29.13,6,100.0,ce-rn
130,1707087634,939159489.0,898157368.0,28.68,6,100.0,ce-rn
131,1707138428,938057449.0,927465425.0,28.11,7,100.0,ce-rn
132,1707155366,937744283.0,912002715.0,28.81,7,100.0,ce-rn
133,1707179432,937952123.0,912258565.0,28.38,7,100.0,ce-rn
134,1707209607,911205135.0,926943872.0,28.16,6,100.0,ce-rn
135,1707220823,940159117.0,926943872.0,27.84,7,100.0,ce-rn
136,1707234220,937940400.0,912675613.0,28.06,6,100.0,ce-rn
137,1707239505,937733902.0,912675613.0,28.28,6,100.0,ce-rn
138,1707263745,805694376.0,915042637.0,29.4,7,100.0,ce-rn
139,1707287761,774216825.0,901513847.0,28.81,6,100.0,ce-rn
140,1707310290,940049606.0,901513847.0,28.27,6,100.0,ce-rn
141,1707321057,436470785.0,914927303.0,28.33,7,100.0,ce-rn
142,1707336919,940470306.0,914927303.0,28.97,6,100.0,ce-rn
143,1707350722,937742548.0,938371178.0,30.75,6,100.0,ce-rn
144,1707360912,938371178.0,913919390.0,29.06,6,100.0,ce-rn
145,1707383208,938788778.0,911710512.0,30.86,6,100.0,ce-rn
146,1707408354,502639077.0,547986913.0,30.55,7,100.0,ce-rn
147,1707433652,939368829.0,912578479.0,29.66,8,40.0,ba-pb
148,1705511785,940313725.0,913785027.0,27.09,5,100.0,ce-rn
149,1705580250,925944342.0,915040395.0,27.17,5,100.0,ce-rn
150,1705614441,795553815.0,927311338.0,28.11,4,100.0,ce-rn
151,1705627684,941201441.0,927311338.0,27.17,4,100.0,ce-rn
152,1705681653,940049042.0,925683263.0,28.18,4,100.0,ce-rn
153,1705785816,940416702.0,913733283.0,24.96,4,100.0,ce-rn
154,1706111417,723415114.0,928146860.0,27.58,5,100.0,ce-rn
155,1706135457,940050593.0,913732324.0,27.38,4,100.0,ce-rn
156,1706196619,481874618.0,914148511.0,27.44,4,100.0,ce-rn
157,1706225058,933657434.0,879915146.0,29.06,4,100.0,ce-rn
158,1706600338,936860110.0,914410837.0,25.36,4,100.0,ce-rn
159,1706612271,939526303.0,914410837.0,24.81,5,100.0,ce-rn
160,1706627196,940681339.0,926260721.0,26.04,4,100.0,ce-rn
161,1706640330,370619335.0,927891072.0,27.56,5,100.0,ce-rn
162,1706657567,938164793.0,915461107.0,26.8,4,100.0,ce-rn
163,1706662984,939686456.0,915461107.0,27.38,4,100.0,ce-rn
164,1706716172,940495653.0,925899089.0,26.73,5,100.0,ce-rn
165,1706720707,651194095.0,925899089.0,26.44,4,100.0,ce-rn
166,1706806207,939000840.0,891099533.0,26.7,4,100.0,ce-rn
167,1706810839,941258999.0,891099533.0,27.63,5,100.0,ce-rn
168,1706826174,939524753.0,873569189.0,27.4,5,100.0,ce-rn
169,1706842293,941098889.0,927101761.0,28.25,4,100.0,ce-rn
170,1706889690,939895703.0,927482140.0,28.14,5,100.0,ce-rn
171,1706907240,927414202.0,927482140.0,28.33,5,100.0,ce-rn
172,1706907701,925108535.0,927482140.0,29.03,4,100.0,ce-rn
173,1707235657,938892884.0,910900293.0,28.58,4,100.0,ce-rn
174,1707255263,939786240.0,926574692.0,27.83,5,100.0,ce-rn
175,1707270185,937077559.0,926574692.0,28.55,4,100.0,ce-rn
176,1707297873,939836507.0,907546793.0,28.76,4,100.0,ce-rn
177,1707318417,936301454.0,927929721.0,29.72,5,100.0,ce-rn
178,1707334823,752355010.0,825808093.0,26.85,5,100.0,ce-rn
179,1707345488,932395457.0,924937759.0,26.39,5,100.0,ce-rn
180,1707378855,938478523.0,804704864.0,29.53,4,100.0,ce-rn
181,1707417511,933417455.0,927834057.0,28.2,5,100.0,ce-rn
182,1705404467,940695783.0,927517993.0,4.41,5,40.0,ba-pb
183,1705422821,950279839.0,927730352.0,4.62,5,40.0,ba-pb
184,1705438210,946132395.0,917662846.0,3.9,5,40.0,ba-pb
185,1705447173,927766423.0,930508715.0,3.72,5,40.0,ba-pb
186,1705507289,937952216.0,928040750.0,5.1,5,40.0,ba-pb
187,1705518597,949433613.0,928040750.0,4.12,5,40.0,ba-pb
188,1705534838,735573198.0,917524736.0,4.56,5,40.0,ba-pb
189,1705608386,941151224.0,928457812.0,7.65,5,40.0,ba-pb
190,1705626111,941256693.0,928457812.0,5.3,5,40.0,ba-pb
191,1705783936,938007881.0,929931950.0,3.99,5,40.0,ba-pb
192,1705800017,849084882.0,918293462.0,3.22,5,40.0,ba-pb
193,1705864590,942514941.0,918449233.0,7.3,5,40.0,ba-pb
194,1705874761,925794369.0,918449233.0,5.56,5,40.0,ba-pb
195,1705933494,948330948.0,930515746.0,7.41,5,40.0,ba-pb
196,1706031031,820258747.0,907602807.0,6.81,5,40.0,ba-pb
197,1706045314,938740574.0,929302199.0,4.29,5,40.0,ba-pb
198,1706079359,820722035.0,922486304.0,2.23,6,40.0,ba-pb
199,1706093938,949805269.0,930245082.0,4.67,6,40.0,ba-pb
200,1706130072,940785209.0,917819261.0,4.4,5,40.0,ba-pb
201,1706145695,959344868.0,917819261.0,4.71,5,40.0,ba-pb
202,1706182542,824336909.0,918082093.0,8.27,5,40.0,ba-pb
203,1706189800,939535654.0,918082093.0,8.36,5,40.0,ba-pb
204,1706204964,937954421.0,918975037.0,3.62,6,40.0,ba-pb
205,1706216757,940943766.0,918975037.0,6.41,5,40.0,ba-pb
206,1706230793,941363293.0,915198231.0,4.95,5,40.0,ba-pb
207,1706262508,939165171.0,919077920.0,3.68,5,40.0,ba-pb
208,1706572736,940468143.0,929183148.0,0.77,5,40.0,ba-pb
209,1706611841,542534036.0,769453571.0,2.05,5,40.0,ba-pb
210,1706613440,954101115.0,769453571.0,1.94,6,40.0,ba-pb
211,1706634855,939579625.0,928098283.0,-0.63,5,40.0,ba-pb
212,1706655934,712550640.0,918397585.0,3.65,5,40.0,ba-pb
213,1706684132,626167897.0,920031760.0,3.19,5,40.0,ba-pb
214,1706729591,941518038.0,919444141.0,7.24,5,40.0,ba-pb
215,1706739769,942830646.0,919078977.0,4.15,5,40.0,ba-pb
216,1706755344,938266836.0,881330243.0,4.8,5,40.0,ba-pb
217,1706823675,945622202.0,917592810.0,7.7,5,40.0,ba-pb
218,1706890733,949957427.0,918176163.0,7.46,6,40.0,ba-pb
219,1706906841,939208865.0,917190619.0,8.85,5,40.0,ba-pb
220,1706910591,933856089.0,917190619.0,-1.41,6,40.0,ba-pb
221,1706960014,936302459.0,928045900.0,0.63,5,40.0,ba-pb
222,1706971234,929618167.0,927439828.0,-0.62,5,40.0,ba-pb
223,1706991896,928517669.0,919972155.0,0.26,5,40.0,ba-pb
224,1706995760,937640644.0,919972155.0,-0.02,5,40.0,ba-pb
225,1707056404,922121192.0,928988369.0,7.98,5,40.0,ba-pb
226,1707074553,938160994.0,909589070.0,6.12,5,40.0,ba-pb
227,1707080230,943672624.0,927099582.0,8.13,5,40.0,ba-pb
228,1707096642,733486466.0,928418069.0,9.98,5,40.0,ba-pb
229,1707145929,938109175.0,923272876.0,5.16,5,40.0,ba-pb
230,1707162221,934285233.0,923272876.0,4.95,6,40.0,ba-pb
231,1707180579,816739154.0,859633135.0,7.66,5,40.0,ba-pb
232,1707196928,938532312.0,859633135.0,3.76,5,40.0,ba-pb
233,1707226679,938428023.0,918866919.0,0.8,6,40.0,ba-pb
234,1707264240,951273902.0,939998258.0,1.97,5,40.0,ba-pb
235,1707300549,940101987.0,928358711.0,2.22,5,40.0,ba-pb
236,1707323626,943809806.0,929462181.0,2.7,6,40.0,ba-pb
237,1707335597,940342217.0,929622629.0,9.82,5,40.0,ba-pb
238,1707341952,945975061.0,927122992.0,6.76,6,40.0,ba-pb
239,1707408561,954154021.0,916562710.0,2.62,6,40.0,ba-pb
240,1707426452,943875827.0,929248794.0,6.48,5,40.0,ba-pb
241,1705414853,756969890.0,595277041.0,31.61,6,100.0,ce-rn
242,1705441379,818840941.0,595277041.0,32.15,5,100.0,ce-rn
243,1705493502,888563702.0,911373384.0,33.32,5,100.0,ce-rn
244,1705514674,938101587.0,911373384.0,32.38,5,100.0,ce-rn
245,1705529162,670722879.0,909506033.0,32.41,5,100.0,ce-rn
246,1705840280,938265429.0,909274769.0,31.38,5,100.0,ce-rn
247,1705850578,448109782.0,911212954.0,31.86,5,100.0,ce-rn
248,1705885715,856427145.0,923272599.0,33.59,5,100.0,ce-rn
249,1705939457,932053767.0,910743872.0,33.21,5,100.0,ce-rn
250,1706019354,929403804.0,926625823.0,32.95,5,100.0,ce-rn
251,1706048231,939631537.0,925850831.0,33.72,6,100.0,ce-rn
252,1706098102,875299822.0,925210756.0,32.59,6,100.0,ce-rn
253,1706110820,940255701.0,901671719.0,32.06,5,100.0,ce-rn
254,1706140427,937389607.0,908435180.0,33.15,5,100.0,ce-rn
255,1706148146,873469922.0,908435180.0,32.22,5,100.0,ce-rn
256,1706162915,927775173.0,908435180.0,33.41,5,100.0,ce-rn
257,1706204930,935906368.0,924681612.0,33.74,5,100.0,ce-rn
258,1706211736,936802154.0,924681612.0,34.22,6,100.0,ce-rn
259,1706617492,935385681.0,906233892.0,30.33,6,100.0,ce-rn
260,1706632575,938841066.0,925072572.0,32.98,6,100.0,ce-rn
261,1706638023,940640198.0,925072572.0,33.36,5,100.0,ce-rn
262,1706650809,939841065.0,907806351.0,32.72,5,100.0,ce-rn
263,1706666961,939475572.0,908691054.0,32.56,5,100.0,ce-rn
264,1706743001,909492621.0,925366535.0,33.24,5,100.0,ce-rn
265,1706754957,938315323.0,926048736.0,31.69,5,100.0,ce-rn
266,1706805039,938383846.0,911108324.0,32.82,5,100.0,ce-rn
267,1706816534,931100416.0,911108324.0,31.36,5,100.0,ce-rn
268,1706833439,939052283.0,909222386.0,32.49,5,100.0,ce-rn
269,1706842507,940208491.0,911843376.0,32.11,5,100.0,ce-rn
270,1706890781,936852475.0,926576406.0,32.24,6,100.0,ce-rn
271,1706898017,925884159.0,926576406.0,31.91,6,100.0,ce-rn
272,1706920230,849453371.0,922797647.0,31.74,5,100.0,ce-rn
273,1706951473,940892158.0,387083088.0,32.45,5,100.0,ce-rn
274,1706969494,938216190.0,387083088.0,32.98,5,100.0,ce-rn
275,1706984466,869204795.0,734010760.0,32.87,5,100.0,ce-rn
276,1707007729,938840550.0,878473709.0,32.58,5,100.0,ce-rn
277,1707038873,519307082.0,911119348.0,32.76,5,100.0,ce-rn
278,1707055837,936170571.0,927728590.0,32.9,5,100.0,ce-rn
279,1707082579,919500340.0,911425130.0,32.68,5,100.0,ce-rn
280,1707130858,886737272.0,920650740.0,32.8,5,100.0,ce-rn
281,1707160835,939364555.0,910166516.0,33.28,5,100.0,ce-rn
282,1707166806,938949350.0,910166516.0,33.06,5,100.0,ce-rn
283,1707174465,731541679.0,910166516.0,31.76,6,100.0,ce-rn
284,1707192902,940894960.0,910166516.0,32.18,5,100.0,ce-rn
285,1707241202,937375405.0,923272876.0,32.13,6,100.0,ce-rn
286,1707249812,926759848.0,923272876.0,32.6,6,100.0,ce-rn
287,1707254161,938007653.0,923272876.0,31.83,6,100.0,ce-rn
288,1707260503,940160292.0,911526752.0,33.26,5,100.0,ce-rn
289,1707292789,936229508.0,926316855.0,32.86,5,100.0,ce-rn
290,1707307025,938529919.0,926316855.0,31.98,5,100.0,ce-rn
291,1707326357,865702484.0,917348089.0,32.66,5,100.0,ce-rn
292,1707335807,940100624.0,909631720.0,32.97,6,100.0,ce-rn
293,1707349618,869742537.0,908329868.0,33.69,6,100.0,ce-rn
294,1707355123,936380381.0,908329868.0,33.24,5,100.0,ce-rn
295,1707380074,939435311.0,923167141.0,32.38,5,100.0,ce-rn
296,1705443446,941046930.0,909484076.0,28.92,8,100.0,ce-rn
297,1705507633,931712577.0,924267731.0,31.42,7,100.0,ce-rn
298,1705522410,803058474.0,924267731.0,31.45,8,100.0,ce-rn
299,1705532970,914528648.0,927048683.0,30.9,7,100.0,ce-rn
300,1705546402,938676458.0,927048683.0,30.37,8,100.0,ce-rn
301,1705582023,940416137.0,910585948.0,30.66,7,100.0,ce-rn
302,1705629051,940783469.0,911745111.0,31.1,7,100.0,ce-rn
303,1705713872,934392520.0,910587086.0,30.85,7,100.0,ce-rn
304,1705747769,934715461.0,922644375.0,31.6,7,100.0,ce-rn
305,1705768931,909066963.0,912993479.0,30.9,7,100.0,ce-rn
306,1705840137,939000183.0,922384398.0,30.4,7,100.0,ce-rn
307,1705919562,939735455.0,924375777.0,32.08,7,100.0,ce-rn
308,1705944896,881538680.0,925997604.0,31.7,8,100.0,ce-rn
309,1706021866,938693683.0,910196779.0,29.48,10,40.0,ba-pb
310,1706055598,940260919.0,910196779.0,26.72,7,100.0,ce-rn
311,1706104631,909907556.0,922173298.0,31.91,8,100.0,ce-rn
312,1706111834,940522124.0,922173298.0,30.98,8,100.0,ce-rn
313,1706122013,939893635.0,927414387.0,30.43,7,100.0,ce-rn
314,1706141360,931265526.0,911685907.0,32.13,7,100.0,ce-rn
315,1706191822,935418795.0,921181523.0,27.16,8,100.0,ce-rn
316,1706198473,938739353.0,921181523.0,30.1,7,100.0,ce-rn
317,1706224550,938159305.0,910371725.0,32.12,7,100.0,ce-rn
318,1706258827,939841347.0,914411935.0,30.8,7,100.0,ce-rn
319,1706636053,912156216.0,912016863.0,31.28,8,100.0,ce-rn
320,1706660878,940155874.0,913728304.0,30.78,8,100.0,ce-rn
321,1706685860,940627264.0,914304883.0,30.58,7,100.0,ce-rn
322,1706692912,940154839.0,913469083.0,30.67,7,100.0,ce-rn
323,1706716743,806321907.0,912316331.0,30.42,8,100.0,ce-rn
324,1706731762,939527666.0,914150979.0,30.91,7,100.0,ce-rn
325,1706735213,940836744.0,914150979.0,30.98,7,100.0,ce-rn
326,1706753163,938483497.0,908524418.0,30.71,7,100.0,ce-rn
327,1706793794,937653851.0,926609839.0,30.71,7,100.0,ce-rn
328,1706826477,941068445.0,913309422.0,35.51,7,100.0,ce-rn
329,1706842012,939996143.0,913309422.0,30.89,7,100.0,ce-rn
330,1706879741,821350853.0,933915568.0,31.55,8,100.0,ce-rn
331,1706907781,876141488.0,925159900.0,31.04,7,100.0,ce-rn
332,1706934759,938849516.0,925398922.0,31.68,8,100.0,ce-rn
333,1706950009,939893165.0,925946703.0,31.25,7,100.0,ce-rn
334,1706956516,939736066.0,925946703.0,32.27,7,100.0,ce-rn
335,1706969395,790889199.0,925946703.0,32.66,7,100.0,ce-rn
336,1706980771,893231118.0,920651937.0,32.16,7,100.0,ce-rn
337,1706984312,800566921.0,920651937.0,32.12,8,100.0,ce-rn
338,1706998035,940154886.0,925840364.0,31.68,7,100.0,ce-rn
339,1707068196,939364003.0,913153642.0,32.19,7,100.0,ce-rn
340,1707082379,938896030.0,924268840.0,32.08,7,100.0,ce-rn
341,1707090982,939987754.0,924268840.0,31.59,7,100.0,ce-rn
342,1707139379,935969147.0,916301161.0,31.4,7,100.0,ce-rn
343,1707151863,936224498.0,891644653.0,31.65,8,100.0,ce-rn
344,1707170630,938130376.0,914467519.0,30.78,8,100.0,ce-rn
345,1707173477,941253399.0,914467519.0,31.0,7,100.0,ce-rn
346,1707237464,936442174.0,914096630.0,31.64,7,100.0,ce-rn
347,1707255188,939164701.0,911632202.0,30.96,7,100.0,ce-rn
348,1707267063,940789725.0,924637183.0,31.65,7,100.0,ce-rn
349,1707356081,940416326.0,927313749.0,32.26,7,100.0,ce-rn
350,1707381628,938568385.0,910645070.0,31.36,7,100.0,ce-rn
351,1707392230,937274437.0,910645070.0,31.32,7,100.0,ce-rn
352,1707423068,939312783.0,910943389.0,38.27,7,100.0,ce-rn
353,1707426495,938404050.0,909645092.0,37.17,7,100.0,ce-rn
354,1705490188,941455535.0,913729309.0,28.25,7,100.0,ce-rn
355,1705508240,939102599.0,926011957.0,20.44,8,100.0,ce-rn
356,1705520703,939314803.0,927521590.0,19.57,8,100.0,ce-rn
357,1705524308,940253585.0,927521590.0,18.96,8,100.0,ce-rn
358,1705598106,941147082.0,916141400.0,28.99,8,100.0,ce-rn
359,1705657130,940997355.0,927361078.0,7.41,8,100.0,ce-rn
360,1705676385,941571926.0,917926230.0,17.06,8,100.0,ce-rn
361,1705689319,942312622.0,915409411.0,19.39,8,100.0,ce-rn
362,1705712338,938219005.0,916779461.0,14.57,8,100.0,ce-rn
363,1705764211,940520901.0,928155341.0,24.89,7,100.0,ce-rn
364,1706014692,654468629.0,910116590.0,29.39,8,100.0,ce-rn
365,1706029874,939681476.0,919865135.0,17.44,12,40.0,ba-pb
366,1706112177,940837873.0,913888834.0,27.33,7,100.0,ce-rn
367,1706127569,938158930.0,924432967.0,35.66,7,100.0,ce-rn
368,1706141810,794454798.0,927257843.0,35.55,9,20.0,mg-rj
369,1706149537,906704981.0,926680615.0,33.06,8,20.0,mg-rj
370,1706210930,938231848.0,916720776.0,11.63,9,100.0,ce-rn
371,1706218285,940045375.0,916720776.0,12.79,8,100.0,ce-rn
372,1706237578,941378637.0,915559419.0,21.27,8,100.0,ce-rn
373,1706618525,940364696.0,927678944.0,15.8,9,100.0,ce-rn
374,1706622181,939402255.0,930794333.0,16.51,8,100.0,ce-rn
375,1706633685,936962252.0,914888598.0,27.11,8,100.0,ce-rn
376,1706653476,938795021.0,927940393.0,31.17,8,100.0,ce-rn
377,1706668279,941254858.0,921885597.0,31.99,7,100.0,ce-rn
378,1706713220,867330592.0,928253899.0,19.17,8,100.0,ce-rn
379,1706724170,941887913.0,927853257.0,23.44,8,100.0,ce-rn
380,1706747253,940574082.0,930194792.0,21.57,8,100.0,ce-rn
381,1706750946,939157563.0,922958625.0,19.7,8,100.0,ce-rn
382,1706812661,939473499.0,928407937.0,2.36,8,100.0,ce-rn
383,1706835206,940580547.0,922837341.0,7.62,8,100.0,ce-rn
384,1706879148,940927563.0,915142644.0,28.73,7,100.0,ce-rn
385,1706900846,941308651.0,915142644.0,26.67,7,100.0,ce-rn
386,1706911517,901935712.0,927519523.0,27.78,8,100.0,ce-rn
387,1706923244,941098795.0,914889421.0,28.46,7,100.0,ce-rn
388,1706924703,940312032.0,914889421.0,28.61,7,100.0,ce-rn
389,1706970035,938694528.0,915406664.0,28.07,6,100.0,ce-rn
390,1706984952,937689697.0,909795783.0,30.11,6,100.0,ce-rn
391,1707007910,944139152.0,923484069.0,26.99,7,100.0,ce-rn
392,1707042164,942203853.0,927676857.0,26.83,6,100.0,ce-rn
393,1707046774,938322690.0,927676857.0,26.28,6,100.0,ce-rn
394,1707087125,932330147.0,912321440.0,29.19,6,100.0,ce-rn
395,1707090512,939682499.0,912321440.0,29.24,7,100.0,ce-rn
396,1707134159,939620631.0,915640770.0,28.26,7,100.0,ce-rn
397,1707148257,939896314.0,924752999.0,13.55,8,100.0,ce-rn
398,1707159013,940321900.0,924752999.0,13.7,8,100.0,ce-rn
399,1707173217,931715512.0,913521877.0,30.43,6,100.0,ce-rn
400,1707177049,941098701.0,913521877.0,31.89,6,100.0,ce-rn
401,1705441431,937428115.0,926419165.0,13.43,8,20.0,go-df
402,1705454088,944820113.0,926733646.0,13.19,8,20.0,go-df
403,1705474949,758751718.0,926733646.0,7.47,8,20.0,go-df
404,1705493562,940049888.0,911633068.0,19.55,9,20.0,go-df
405,1705507441,941135883.0,911633068.0,22.55,9,20.0,go-df
406,1705522447,914513409.0,924978303.0,22.19,9,20.0,go-df
407,1706197054,883324044.0,924326722.0,19.11,9,20.0,go-df
408,1706220755,932710124.0,924634964.0,7.89,9,20.0,go-df
409,1706225781,940048478.0,928253064.0,8.29,8,20.0,go-df
410,1706236023,876482766.0,928253064.0,8.1,8,20.0,go-df
411,1706267913,937954280.0,921258467.0,21.43,10,20.0,go-df
412,1706588911,939631255.0,915259675.0,12.04,8,20.0,go-df
413,1706613540,944140096.0,920911733.0,11.69,8,20.0,go-df
414,1706656950,940623972.0,916823296.0,23.76,10,20.0,go-df
415,1706747353,939893259.0,929041541.0,19.39,8,20.0,go-df
416,1706778274,943229718.0,916409730.0,18.73,8,20.0,go-df
417,1706828858,940154886.0,927415732.0,19.2,9,20.0,go-df
418,1706922627,939681194.0,926996254.0,20.54,8,20.0,go-df
419,1706981939,939632054.0,925822648.0,8.29,8,20.0,go-df
420,1707000163,935856934.0,927675558.0,19.23,8,20.0,go-df
421,1707001599,703753541.0,927675558.0,20.52,8,20.0,go-df
422,1707028369,939635528.0,915722199.0,19.79,8,20.0,go-df
423,1707055079,942410271.0,927624474.0,22.51,9,20.0,go-df
424,1707064231,940468425.0,927624474.0,19.29,8,20.0,go-df
425,1707089774,938659839.0,916520821.0,37.23,9,20.0,go-df
426,1707094574,938527854.0,916520821.0,36.18,9,20.0,go-df
427,1707133715,935864160.0,922749279.0,20.99,9,20.0,go-df
428,1707147409,539494914.0,922749279.0,3.7,8,20.0,go-df
429,1707165063,811866462.0,926423658.0,5.86,8,20.0,go-df
430,1707170665,939630175.0,926423658.0,6.52,9,20.0,go-df
431,1707181820,934908304.0,926423658.0,20.66,8,20.0,go-df
432,1707222566,937742313.0,909641180.0,19.11,8,20.0,go-df
433,1707240346,943304487.0,915243246.0,7.66,9,20.0,go-df
434,1707265297,813380769.0,927387107.0,7.5,8,20.0,go-df
435,1707271697,937190104.0,927387107.0,7.97,8,20.0,go-df
436,1707324019,722259257.0,926660758.0,8.9,9,20.0,go-df
437,1707339014,873626423.0,926660758.0,7.94,9,20.0,go-df
438,1707379651,941623649.0,926418887.0,7.19,9,20.0,go-df
439,1707409862,934814151.0,927782457.0,7.86,9,20.0,go-df
440,1707411467,940213133.0,927782457.0,7.5,8,20.0,go-df
441,1705432157,930034762.0,935173581.0,18.91,9,100.0,ce-rn
442,1705525028,927515767.0,912213161.0,30.68,6,100.0,ce-rn
443,1705605384,940680633.0,913182438.0,31.56,6,100.0,ce-rn
444,1705719274,936623903.0,915549210.0,27.17,7,100.0,ce-rn
445,1705759652,941363669.0,911365395.0,27.31,7,100.0,ce-rn
446,1705781264,933707160.0,911365395.0,27.32,7,100.0,ce-rn
447,1705792569,939747907.0,905617016.0,27.46,7,100.0,ce-rn
448,1705837936,786695796.0,911886773.0,29.77,6,100.0,ce-rn
449,1705847083,938477115.0,911886773.0,30.7,6,100.0,ce-rn
450,1705935952,941204358.0,913050610.0,30.42,7,100.0,ce-rn
451,1706001919,940398033.0,914044658.0,30.75,6,100.0,ce-rn
452,1706021415,943101797.0,915408907.0,19.53,8,40.0,ba-pb
453,1706037588,939159911.0,917773532.0,16.33,8,40.0,ba-pb
454,1706055044,944452072.0,928931806.0,12.69,8,40.0,ba-pb
455,1706074526,938374603.0,928931806.0,12.76,7,40.0,ba-pb
456,1706095138,939789106.0,912105338.0,33.47,6,100.0,ce-rn
457,1706113159,934690665.0,912105338.0,30.34,7,100.0,ce-rn
458,1706120989,939176535.0,898255204.0,30.04,6,100.0,ce-rn
459,1706140356,938799011.0,937261622.0,30.62,6,100.0,ce-rn
460,1706170469,939219928.0,910969872.0,31.08,6,100.0,ce-rn
461,1706180527,719966779.0,910969872.0,31.39,6,100.0,ce-rn
462,1706187764,937225054.0,910969872.0,32.12,7,100.0,ce-rn
463,1706209230,941100771.0,911767606.0,31.39,9,100.0,ce-rn
464,1706223768,939367467.0,915351331.0,31.03,9,100.0,ce-rn
465,1706264194,939524988.0,910583407.0,29.19,8,100.0,ce-rn
466,1706562970,939602745.0,911894847.0,30.47,6,100.0,ce-rn
467,1706581456,937166814.0,926260952.0,28.15,6,100.0,ce-rn
468,1706614167,940523723.0,914580996.0,29.16,7,100.0,ce-rn
469,1706620376,935076960.0,914580996.0,29.24,7,100.0,ce-rn
470,1706642300,940814653.0,919029168.0,28.14,7,100.0,ce-rn
471,1706659250,939997929.0,912734804.0,27.02,7,100.0,ce-rn
472,1706718668,939997788.0,912157402.0,30.39,7,100.0,ce-rn
473,1706725481,941047871.0,912157402.0,30.06,7,100.0,ce-rn
474,1706751543,940471294.0,911942625.0,30.26,6,100.0,ce-rn
475,1706943867,940288329.0,915040578.0,28.15,7,100.0,ce-rn
476,1706970484,935510693.0,927418607.0,31.13,6,100.0,ce-rn
477,1706985792,941198530.0,914463083.0,31.06,6,100.0,ce-rn
478,1706987469,938421402.0,914463083.0,31.23,6,100.0,ce-rn
479,1706998719,937332614.0,910851599.0,30.75,6,100.0,ce-rn
480,1707033258,941046083.0,911843285.0,30.99,6,100.0,ce-rn
481,1707066004,937951935.0,925957880.0,30.96,6,100.0,ce-rn
482,1707084406,941190328.0,912737223.0,31.0,6,100.0,ce-rn
483,1707097392,938652846.0,923887704.0,30.92,6,100.0,ce-rn
484,1707141126,924495777.0,926812745.0,30.75,6,100.0,ce-rn
485,1707153120,930508482.0,926812745.0,30.81,7,100.0,ce-rn
486,1707170754,940054635.0,911375207.0,30.12,7,100.0,ce-rn
487,1707171014,939055241.0,911375207.0,30.05,7,100.0,ce-rn
488,1707235831,935541331.0,913839010.0,30.23,6,100.0,ce-rn
489,1707250142,937114620.0,913839010.0,30.49,7,100.0,ce-rn
490,1707258390,940366436.0,913839010.0,31.07,7,100.0,ce-rn
491,1707268818,938966628.0,899207158.0,30.53,6,100.0,ce-rn
492,1707301319,842902453.0,899207158.0,30.17,6,100.0,ce-rn
493,1707317619,927623639.0,926729915.0,30.83,7,100.0,ce-rn
494,1707326257,940567404.0,926729915.0,31.5,6,100.0,ce-rn
495,1707351118,934649946.0,908594193.0,28.19,7,100.0,ce-rn
496,1707391888,939683496.0,911004286.0,30.34,6,100.0,ce-rn
497,1707398280,938373149.0,911004286.0,30.61,6,100.0,ce-rn
498,1707421711,936785651.0,912096445.0,31.75,10,40.0,ba-pb
499,1705512097,456446296.0,925260292.0,43.01,8,100.0,ce-rn
500,1706129444,926311760.0,919331561.0,34.12,8,100.0,ce-rn
501,1706135552,925423201.0,919331561.0,42.35,8,100.0,ce-rn
502,1706149676,941114370.0,913416060.0,34.78,8,100.0,ce-rn
503,1706208623,929780288.0,927570375.0,16.47,7,100.0,ce-rn
504,1706617974,929826581.0,912889900.0,19.27,8,100.0,ce-rn
505,1706625422,940154698.0,908069222.0,19.88,8,100.0,ce-rn
506,1706644494,776000880.0,926888801.0,23.66,7,100.0,ce-rn
507,1706651184,918872478.0,913394961.0,23.73,7,100.0,ce-rn
508,1706730024,333344577.0,915040807.0,17.34,8,100.0,ce-rn
509,1706740424,942987555.0,914310323.0,16.59,7,100.0,ce-rn
510,1706863023,719901868.0,924917904.0,21.65,7,100.0,ce-rn
511,1706901354,932240314.0,927725853.0,22.49,8,100.0,ce-rn
512,1706912426,881593930.0,914469896.0,25.55,7,100.0,ce-rn
513,1706920705,936220847.0,914469896.0,21.95,7,100.0,ce-rn
514,1706972956,901674469.0,923806683.0,34.57,7,10.0,ms-pr
515,1706986830,936120857.0,912146912.0,25.54,7,100.0,ce-rn
516,1706991930,543163345.0,924686745.0,24.3,7,100.0,ce-rn
517,1707075771,947232645.0,927999228.0,18.13,8,100.0,ce-rn
518,1707079350,528532512.0,927999228.0,16.53,8,100.0,ce-rn
519,1707097055,588200030.0,926263499.0,31.61,8,100.0,ce-rn
520,1707119479,919863493.0,902701951.0,42.25,8,100.0,ce-rn
521,1707136680,931767335.0,922904350.0,31.43,8,100.0,ce-rn
522,1707149489,939243401.0,922904350.0,12.66,8,100.0,ce-rn
523,1707161641,939565530.0,927002002.0,16.0,7,100.0,ce-rn
524,1707168914,938109268.0,927002002.0,16.87,7,100.0,ce-rn
525,1707175239,918555331.0,927002002.0,26.09,9,20.0,go-df
526,1707251759,698195830.0,924582812.0,22.45,7,100.0,ce-rn
527,1707269162,939941787.0,924582812.0,17.26,7,100.0,ce-rn
528,1707298450,932914615.0,926941832.0,17.91,7,100.0,ce-rn
529,1707301770,767087843.0,923588788.0,17.62,7,100.0,ce-rn
530,1707326207,844058256.0,913363038.0,27.57,7,100.0,ce-rn
531,1707343581,798546246.0,908486746.0,45.29,7,10.0,ms-pr
532,1707355342,847931321.0,908486746.0,42.84,7,10.0,ms-pr
533,1707424073,517265928.0,926524811.0,31.2,8,100.0,ce-rn
534,1705440801,848982232.0,925265923.0,22.54,8,100.0,ce-rn
535,1705454547,936431920.0,925265923.0,24.46,8,100.0,ce-rn
536,1705666677,940317392.0,912368167.0,17.99,10,100.0,ce-rn
537,1705700346,939054584.0,913338730.0,26.88,8,100.0,ce-rn
538,1705837052,874295761.0,910374639.0,40.31,9,100.0,ce-rn
539,1705857234,939002249.0,924064576.0,40.73,6,10.0,ms-pr
540,1705880065,544003105.0,907757130.0,40.64,6,10.0,ms-pr
541,1705932229,789787759.0,914619181.0,46.77,10,100.0,ce-rn
542,1705952125,581961658.0,914619181.0,10.85,8,100.0,ce-rn
543,1705963575,909968493.0,914619181.0,42.46,6,10.0,ms-pr
544,1706005883,427137818.0,818525178.0,45.81,9,10.0,ms-go
545,1706023109,576413524.0,818525178.0,39.33,10,10.0,ms-pr
546,1706036784,585370127.0,819939947.0,24.94,8,10.0,ms-go
547,1706053586,742759552.0,866735292.0,39.94,6,10.0,ms-pr
548,1706123818,496239559.0,847721902.0,36.15,10,100.0,ce-rn
549,1706138543,582802008.0,847721902.0,40.87,9,100.0,ce-rn
550,1706184476,827489915.0,867016842.0,31.27,8,100.0,ce-rn
551,1706203302,606118265.0,867016842.0,10.09,8,100.0,ce-rn
552,1706223185,691483788.0,739194870.0,16.93,9,100.0,ce-rn
553,1706262388,551394599.0,877923548.0,30.14,9,100.0,ce-rn
554,1706272651,372298695.0,817472342.0,15.26,8,100.0,ce-rn
555,1706582053,353161014.0,837537142.0,25.54,8,100.0,ce-rn
556,1706610647,398669253.0,871523811.0,25.57,9,100.0,ce-rn
557,1706622612,547339813.0,871523811.0,25.55,9,100.0,ce-rn
558,1706632415,365061040.0,871523811.0,37.96,6,10.0,ms-pr
559,1706640000,461849063.0,910215076.0,40.2,7,10.0,ms-pr
560,1706653291,887778645.0,910215076.0,39.69,6,10.0,ms-pr
561,1706666682,941624826.0,909375035.0,40.33,6,10.0,ms-pr
562,1706753312,932240408.0,923522097.0,9.47,9,100.0,ce-rn
563,1706819307,940680633.0,887672722.0,38.64,6,10.0,ms-pr
564,1706823136,786017521.0,887672722.0,38.47,7,10.0,ms-pr
565,1706840795,122788384.0,922748494.0,32.91,6,10.0,ms-pr
566,1706893773,939002108.0,924111645.0,40.97,10,100.0,ce-rn
567,1706916805,936710289.0,924897894.0,36.18,9,100.0,ce-rn
568,1706922163,758436120.0,924897894.0,20.57,8,100.0,ce-rn
569,1706979887,906706659.0,911185355.0,35.11,6,10.0,ms-pr
570,1706999956,893440118.0,924894657.0,26.06,8,100.0,ce-rn
571,1707079742,940782857.0,925208119.0,12.73,9,100.0,ce-rn
572,1707084887,792147689.0,925208119.0,33.14,9,100.0,ce-rn
573,1707135840,936914546.0,926889682.0,41.05,10,100.0,ce-rn
574,1707159973,906700629.0,926889682.0,11.51,8,100.0,ce-rn
575,1707177945,904345818.0,908873639.0,27.03,9,10.0,ms-go
576,1707245218,679950637.0,926732349.0,24.96,8,100.0,ce-rn
577,1707262428,858568738.0,795189597.0,10.61,9,100.0,ce-rn
578,1707306123,935767682.0,912524313.0,13.36,8,100.0,ce-rn
579,1707315881,808275318.0,914756375.0,13.2,8,100.0,ce-rn
580,1707330625,837660633.0,893073608.0,13.19,9,100.0,ce-rn
581,1707342702,508646643.0,893073608.0,45.37,7,10.0,ms-pr
582,1707402624,852284916.0,912276902.0,24.86,9,100.0,ce-rn
583,1707416400,912419592.0,912276902.0,24.29,8,40.0,ba-pb
584,1705435228,940735414.0,897429737.0,25.38,9,100.0,ce-rn
585,1705515747,684211166.0,907704035.0,30.73,10,100.0,ce-rn
586,1706272858,183662797.0,913209724.0,32.1,10,100.0,ce-rn
587,1706619827,159645121.0,907178338.0,16.48,9,10.0,pa-ma
588,1706631505,155819016.0,907178338.0,13.1,8,10.0,pa-ma
589,1706659296,78590712.0,920389424.0,33.31,9,100.0,ce-rn
590,1706668528,76807708.0,918557673.0,32.42,9,100.0,ce-rn
591,1706692733,108108277.0,913258591.0,30.15,10,100.0,ce-rn
592,1706715605,221617102.0,922384813.0,29.04,9,100.0,ce-rn
593,1706715824,154036083.0,922384813.0,29.63,9,100.0,ce-rn
594,1706726213,241614090.0,921596948.0,27.88,9,100.0,ce-rn
595,1706746199,74823567.0,924681244.0,28.28,9,100.0,ce-rn
596,1706810905,42152788.0,912576285.0,28.72,9,100.0,ce-rn
597,1706823387,56937750.0,914403888.0,16.6,8,10.0,pa-ma
598,1706838148,84934503.0,925972001.0,32.37,10,100.0,ce-rn
599,1706887150,181665637.0,897896751.0,54.96,10,100.0,ce-rn
600,1706914032,120792156.0,924057738.0,32.57,9,100.0,ce-rn
601,1706925570,94266397.0,924057738.0,34.16,9,100.0,ce-rn
602,1706928926,127297412.0,924057738.0,31.92,9,100.0,ce-rn
603,1706999719,69520779.0,860252610.0,27.24,9,100.0,ce-rn
604,1707058688,57829108.0,908491243.0,34.54,9,100.0,ce-rn
605,1707068528,107374037.0,908491243.0,35.21,9,100.0,ce-rn
606,1707090338,246206605.0,869900780.0,35.36,10,100.0,ce-rn
607,1707117666,163162618.0,929355464.0,47.71,10,100.0,ce-rn
608,1707178035,82259791.0,921279656.0,40.96,9,100.0,ce-rn
609,1707203427,110153007.0,921279656.0,40.24,9,100.0,ce-rn
610,1707312359,295803541.0,936747196.0,20.2,9,10.0,pa-ma
611,1707350384,163630775.0,934336541.0,29.93,9,100.0,ce-rn
612,1705698861,586675132.0,661869354.0,61.56,9,1.0,rr-am
613,1705840360,2097159.0,840959423.0,28.78,5,1.0,rr-ce
614,1706057569,118226577.0,598319440.0,61.49,9,1.0,rr-am
615,1706079822,708839786.0,877607921.0,32.95,11,1.0,rr-am
616,1706100014,213595550.0,562352602.0,42.84,12,1.0,rr-am
617,1706113458,233780919.0,562352602.0,41.1,12,1.0,rr-am
618,1706142367,15886001.0,265500226.0,30.16,5,1.0,rr-ce
619,1706557353,381114.0,653368358.0,33.61,5,1.0,rr-ce
620,1706589909,371930818.0,658193985.0,33.4,5,1.0,rr-ce
621,1706631428,15990830.0,629535642.0,28.3,5,1.0,rr-ce
622,1706643262,286262994.0,629535642.0,31.81,6,1.0,rr-ce
623,1706650318,430912544.0,629535642.0,32.36,6,1.0,rr-ce
624,1706664125,382206716.0,665584814.0,30.11,5,1.0,rr-ce
625,1706723563,203896286.0,654261121.0,24.67,6,1.0,rr-ce
626,1706738234,2883591.0,685113524.0,45.62,5,1.0,rr-ce
627,1706750101,4037020.0,685113524.0,33.03,5,1.0,rr-ce
628,1706794922,376911283.0,646028190.0,47.17,12,1.0,rr-am
629,1706807307,482188179.0,595908213.0,19.54,5,1.0,rr-ce
630,1706821478,432591153.0,595908213.0,59.02,9,1.0,rr-am
631,1706845472,127507115.0,240150348.0,34.39,5,1.0,rr-ce
632,1706852722,61813706.0,240150348.0,29.67,5,1.0,rr-ce
633,1706877676,3670017.0,142660619.0,31.69,5,1.0,rr-ce
634,1706884542,423258019.0,142660619.0,58.94,14,1.0,rr-am
635,1706905036,406323951.0,755604394.0,45.07,12,1.0,rr-am
636,1706909898,511024203.0,755604394.0,49.82,12,1.0,rr-am
637,1706952312,511280698.0,805408648.0,32.91,5,1.0,rr-ce
638,1706957958,477361884.0,805408648.0,32.02,5,1.0,rr-ce
639,1706973656,540123604.0,805408648.0,29.49,5,1.0,rr-ce
640,1706985555,34232485.0,261515468.0,23.59,5,1.0,rr-ce
641,1706991114,103179960.0,261515468.0,30.86,5,1.0,rr-ce
642,1707005070,86035858.0,258370444.0,24.36,5,1.0,rr-ce
643,1707057145,811601841.0,269012616.0,57.96,12,1.0,rr-am
644,1707075141,25113454.0,265762384.0,31.66,5,1.0,rr-ce
645,1707093767,621646665.0,887776687.0,61.69,13,1.0,rr-am
646,1707140151,1782584.0,672086198.0,28.81,13,1.0,rr-am
647,1707152590,718381500.0,672086198.0,36.01,13,1.0,rr-am
648,1707171652,705116799.0,220359502.0,65.12,13,1.0,rr-am
649,1707181973,752354897.0,657508002.0,48.43,12,1.0,rr-am
650,1707221640,381644157.0,664274324.0,34.21,5,1.0,rr-ce
651,1707232216,445173274.0,664274324.0,38.02,5,1.0,rr-ce
652,1707263993,80831072.0,678431996.0,27.03,5,1.0,rr-ce
653,1707270431,110100749.0,260728917.0,29.9,5,1.0,rr-ce
654,1707274363,83305772.0,260728917.0,35.41,5,1.0,rr-ce
655,1707309687,1415579.0,257321245.0,30.46,5,1.0,rr-ce
656,1707319389,233518015.0,589773016.0,46.93,12,1.0,rr-am
657,1707320489,351903090.0,589773016.0,39.06,13,1.0,rr-am
658,1707399074,17878857.0,162954087.0,25.13,5,1.0,rr-ce
659,1707425471,12215945.0,254490273.0,34.74,5,1.0,rr-ce
660,1707425870,19608432.0,254490273.0,34.11,5,1.0,rr-ce
661,1705411385,955677135.0,919183422.0,8.29,7,100.0,ce-rn
662,1705435717,939371365.0,903446486.0,8.83,7,100.0,ce-rn
663,1705501653,949644611.0,914945924.0,9.88,7,100.0,ce-rn
664,1705520326,940523064.0,919023231.0,9.83,8,100.0,ce-rn
665,1705523460,943561113.0,919023231.0,9.72,7,100.0,ce-rn
666,1705533276,838049250.0,928753576.0,10.03,7,100.0,ce-rn
667,1705542260,933575720.0,919139992.0,9.27,7,100.0,ce-rn
668,1705614930,840069014.0,924950970.0,12.33,7,100.0,ce-rn
669,1705667771,948332466.0,929880358.0,9.39,7,100.0,ce-rn
670,1705687050,939059702.0,929880358.0,9.31,7,100.0,ce-rn
671,1705690392,945817538.0,929880358.0,9.06,8,100.0,ce-rn
672,1705766150,946969553.0,919694191.0,9.37,7,100.0,ce-rn
673,1705776774,940152442.0,915200473.0,28.74,8,100.0,ce-rn
674,1705864785,940469977.0,842292405.0,12.98,7,100.0,ce-rn
675,1705928166,949748661.0,929144633.0,10.29,7,100.0,ce-rn
676,1705938753,940211358.0,917977878.0,10.29,8,100.0,ce-rn
677,1706058694,937294321.0,879174752.0,15.25,7,40.0,ba-pb
678,1706096811,941254905.0,918616028.0,9.95,8,100.0,ce-rn
679,1706108733,942249922.0,916249557.0,9.34,8,100.0,ce-rn
680,1706141695,882429529.0,812861276.0,9.72,8,100.0,ce-rn
681,1706211211,946656826.0,925614589.0,9.92,7,100.0,ce-rn
682,1706226180,938371178.0,929042005.0,11.05,7,100.0,ce-rn
683,1706257134,946206314.0,915040578.0,10.59,7,100.0,ce-rn
684,1706279111,938368644.0,915040578.0,9.18,8,100.0,ce-rn
685,1706563313,867425916.0,914517890.0,30.32,9,100.0,ce-rn
686,1706579477,942932109.0,878392730.0,8.25,7,100.0,ce-rn
687,1706612181,942282967.0,928738297.0,7.99,7,100.0,ce-rn
688,1706627581,947548971.0,917160385.0,7.69,8,100.0,ce-rn
689,1706631109,940732545.0,917160385.0,7.41,8,100.0,ce-rn
690,1706635321,936699638.0,917160385.0,10.88,7,100.0,ce-rn
691,1706662333,940629427.0,925894182.0,10.48,7,100.0,ce-rn
692,1706666415,941203276.0,925894182.0,10.12,7,100.0,ce-rn
693,1706792698,940101987.0,928568055.0,9.26,8,100.0,ce-rn
694,1706814256,947437315.0,929569223.0,3.84,7,100.0,ce-rn
695,1706890971,940783045.0,927309947.0,29.21,8,100.0,ce-rn
696,1706906306,843162912.0,913203970.0,10.16,7,100.0,ce-rn
697,1706920351,941617971.0,913203970.0,10.31,7,100.0,ce-rn
698,1707009756,941206570.0,929348434.0,11.15,7,100.0,ce-rn
699,1707034535,939475096.0,916713809.0,12.14,7,100.0,ce-rn
700,1707051228,908170402.0,916713809.0,11.99,7,100.0,ce-rn
701,1707070596,939267540.0,924007111.0,10.02,7,100.0,ce-rn
702,1707077136,947171597.0,924007111.0,9.95,7,100.0,ce-rn
703,1707089692,933443428.0,918712159.0,10.67,8,100.0,ce-rn
704,1707121660,934091604.0,917139566.0,11.13,7,100.0,ce-rn
705,1707136279,940274642.0,917139566.0,10.0,8,100.0,ce-rn
706,1707139436,944401768.0,918667401.0,10.8,7,100.0,ce-rn
707,1707148755,942726542.0,918667401.0,9.85,7,100.0,ce-rn
708,1707159501,943791410.0,917031819.0,12.1,7,100.0,ce-rn
709,1707176273,933181424.0,916456294.0,10.37,7,100.0,ce-rn
710,1707218628,930823661.0,925790527.0,9.27,8,100.0,ce-rn
711,1707225286,934966109.0,925790527.0,9.34,7,100.0,ce-rn
712,1707246230,940781916.0,927573112.0,12.51,7,100.0,ce-rn
713,1707286359,952479200.0,929196551.0,10.56,7,100.0,ce-rn
714,1707317998,941046648.0,917869624.0,11.06,7,100.0,ce-rn
715,1707334666,942042421.0,917714908.0,12.31,8,100.0,ce-rn
716,1707351221,762578993.0,917714908.0,10.31,7,100.0,ce-rn
717,1707370046,941622377.0,917714908.0,9.46,7,100.0,ce-rn
718,1707392817,946815249.0,925372299.0,10.01,7,100.0,ce-rn
719,1707406039,940262189.0,929137293.0,10.32,8,100.0,ce-rn
720,1707411639,948804894.0,929137293.0,11.25,8,100.0,ce-rn
721,1705497836,730389483.0,928883696.0,6.62,4,100.0,ce-rn
722,1705711532,943988766.0,935543530.0,3.59,4,100.0,ce-rn
723,1706039456,941152071.0,916549878.0,12.81,7,40.0,ba-pb
724,1706109987,941838340.0,921176641.0,3.8,5,100.0,ce-rn
725,1706134636,944700992.0,917980036.0,4.45,4,100.0,ce-rn
726,1706157153,938007741.0,926784221.0,3.87,4,100.0,ce-rn
727,1706176214,939612698.0,928724924.0,4.74,4,100.0,ce-rn
728,1706188872,940365025.0,928724924.0,4.71,4,100.0,ce-rn
729,1706211377,940256547.0,921437772.0,4.57,4,100.0,ce-rn
730,1706566873,940866758.0,773849707.0,3.9,5,100.0,ce-rn
731,1706575217,871370141.0,773849707.0,2.11,5,100.0,ce-rn
732,1706613942,942831258.0,931816177.0,1.64,5,100.0,ce-rn
733,1706620543,942565249.0,920598495.0,1.76,5,100.0,ce-rn
734,1706628133,942302822.0,920598495.0,1.38,5,100.0,ce-rn
735,1706634523,925215567.0,930976028.0,4.48,4,100.0,ce-rn
736,1706741038,736099247.0,869156954.0,4.51,4,100.0,ce-rn
737,1706752909,943564227.0,919606991.0,4.21,4,100.0,ce-rn
738,1706816151,940312784.0,907807395.0,4.54,5,100.0,ce-rn
739,1706916249,805727127.0,575922765.0,5.63,4,100.0,ce-rn
740,1706978827,937376202.0,915095798.0,-0.89,4,100.0,ce-rn
741,1706990490,941311052.0,915095798.0,-0.77,4,100.0,ce-rn
742,1707004204,940626935.0,873647391.0,-1.14,4,100.0,ce-rn
743,1707013805,935229470.0,873647391.0,1.64,4,100.0,ce-rn
744,1707062466,940416467.0,930768439.0,-2.26,4,100.0,ce-rn
745,1707072885,941361222.0,930561880.0,-1.23,4,100.0,ce-rn
746,1707161816,938845572.0,919321457.0,-2.04,5,100.0,ce-rn
747,1707181754,593389929.0,919496938.0,4.12,4,100.0,ce-rn
748,1707261811,862918500.0,928391829.0,4.88,5,100.0,ce-rn
749,1707272625,942462004.0,929265084.0,5.4,4,100.0,ce-rn
750,1707307390,938123585.0,929984797.0,5.82,4,100.0,ce-rn
751,1707322573,943657285.0,931168273.0,4.94,4,100.0,ce-rn
752,1707330887,942514375.0,931168273.0,4.58,5,100.0,ce-rn
753,1707351642,931661452.0,927880823.0,5.41,4,100.0,ce-rn
754,1707375227,945939541.0,919288693.0,4.66,4,100.0,ce-rn
755,1707388592,938534706.0,919288693.0,5.19,5,100.0,ce-rn
756,1707416858,933877334.0,941098936.0,27.52,7,40.0,ba-pb
757,1705448806,835508364.0,909065326.0,37.23,9,100.0,ce-rn
758,1705495651,846514304.0,921922308.0,36.64,9,100.0,ce-rn
759,1705512024,858051757.0,921922308.0,40.36,10,100.0,ce-rn
760,1705627984,703927245.0,923551569.0,13.51,8,10.0,pa-ma
761,1705698706,705767367.0,917346209.0,58.09,8,3.0,am-df
762,1705710791,727399607.0,917346209.0,56.33,8,3.0,am-df
763,1705920162,859002951.0,923010085.0,36.24,10,100.0,ce-rn
764,1705939509,819882722.0,923010085.0,58.19,9,100.0,ce-rn
765,1705991461,740193985.0,915987137.0,31.85,9,100.0,ce-rn
766,1706011250,656665090.0,902723095.0,31.85,9,100.0,ce-rn
767,1706027703,426978567.0,864086764.0,28.47,8,40.0,ba-pb
768,1706040609,370200645.0,904814782.0,34.25,8,40.0,ba-pb
769,1706052183,304400943.0,904814782.0,34.93,8,40.0,ba-pb
770,1706080079,724653373.0,919499788.0,20.49,8,10.0,pa-ma
771,1706100428,424831543.0,869219769.0,31.13,9,100.0,ce-rn
772,1706107701,350698189.0,869219769.0,35.88,10,100.0,ce-rn
773,1706142450,300469858.0,911947276.0,37.85,10,100.0,ce-rn
774,1706205053,289669757.0,888882675.0,38.34,9,100.0,ce-rn
775,1706210703,494509826.0,888882675.0,28.49,9,100.0,ce-rn
776,1706223615,434845271.0,879547879.0,30.33,9,100.0,ce-rn
777,1706276337,520121989.0,812196098.0,46.22,9,100.0,ce-rn
778,1706574712,327996212.0,879074480.0,31.06,9,100.0,ce-rn
779,1706617561,331908555.0,891658518.0,18.53,9,10.0,pa-ma
780,1706782797,776000414.0,920267901.0,43.08,9,100.0,ce-rn
781,1706797589,817849486.0,900680704.0,26.29,8,10.0,pa-ma
782,1706809791,724354996.0,920073379.0,28.28,10,100.0,ce-rn
783,1706826571,731645952.0,915236948.0,62.87,8,3.0,am-df
784,1706835788,618766368.0,915236948.0,60.12,8,3.0,am-df
785,1706880045,831994166.0,931077304.0,38.42,9,100.0,ce-rn
786,1706883765,901883013.0,931077304.0,29.43,10,100.0,ce-rn
787,1706892128,813109111.0,915249424.0,33.73,10,100.0,ce-rn
788,1706906569,630562249.0,915249424.0,41.53,10,100.0,ce-rn
789,1706916325,628386775.0,922172145.0,33.25,10,100.0,ce-rn
790,1706958673,716977928.0,935962353.0,37.77,9,100.0,ce-rn
791,1706971471,688024484.0,922227295.0,29.32,10,100.0,ce-rn
792,1706984822,822032264.0,922227295.0,29.38,9,100.0,ce-rn
793,1707001727,829621221.0,917876325.0,38.77,9,100.0,ce-rn
794,1707014225,457581753.0,914519490.0,38.24,9,100.0,ce-rn
795,1707059895,923476311.0,902141504.0,55.3,10,100.0,ce-rn
796,1707071252,844472581.0,902141504.0,38.49,9,100.0,ce-rn
797,1707093004,819359703.0,915861672.0,45.91,10,100.0,ce-rn
798,1707133386,834881178.0,935985733.0,54.08,11,100.0,ce-rn
799,1707150230,807208294.0,910901478.0,33.7,9,100.0,ce-rn
800,1707156316,856692374.0,910901478.0,30.5,9,100.0,ce-rn
801,1707213863,786696582.0,922278663.0,32.49,9,100.0,ce-rn
802,1707228955,845942114.0,913044621.0,30.7,10,100.0,ce-rn
803,1707245252,867119923.0,876329665.0,14.31,9,10.0,pa-ma
804,1707261054,572679553.0,922327772.0,35.66,9,100.0,ce-rn
805,1707268619,853305172.0,919719713.0,27.84,9,100.0,ce-rn
806,1707322527,750834158.0,910847455.0,40.35,9,100.0,ce-rn
807,1707349311,851811906.0,936114773.0,33.91,9,100.0,ce-rn
808,1707358861,844210859.0,936114773.0,40.55,9,100.0,ce-rn
809,1707394291,838547988.0,921439292.0,33.36,9,100.0,ce-rn
810,1705469842,864448345.0,924424278.0,5.43,6,100.0,ce-rn
811,1705529270,904218937.0,927513819.0,3.48,6,100.0,ce-rn
812,1705540977,931715465.0,927513819.0,8.03,6,100.0,ce-rn
813,1705544229,906494903.0,927513819.0,10.25,6,100.0,ce-rn
814,1705996170,678453602.0,915429047.0,9.41,5,40.0,ba-pb
815,1706010206,374341276.0,915429047.0,9.41,6,40.0,ba-pb
816,1706029653,451831963.0,896219968.0,6.45,5,40.0,ba-pb
817,1706059939,568382837.0,884158531.0,-0.73,6,100.0,pb-rn
818,1706101678,602395596.0,909490351.0,10.01,6,100.0,ce-rn
819,1706103456,501854194.0,909490351.0,10.11,6,100.0,ce-rn
820,1706133536,521243845.0,865780199.0,9.07,6,100.0,ce-rn
821,1706146591,489739820.0,865780199.0,9.04,6,100.0,ce-rn
822,1706194350,531524024.0,887960189.0,2.03,5,40.0,ba-pb
823,1706224348,705640171.0,870528361.0,2.75,6,40.0,ba-pb
824,1706573630,485700476.0,894594850.0,6.85,6,100.0,ce-rn
825,1706621235,621597002.0,898888584.0,6.91,7,100.0,ce-rn
826,1706623309,714029755.0,898888584.0,6.99,6,100.0,ce-rn
827,1706660728,933363745.0,908541400.0,7.86,6,100.0,ce-rn
828,1706710430,937743439.0,915406756.0,6.21,6,40.0,ba-pb
829,1706722705,850552932.0,915406756.0,11.81,6,100.0,ce-rn
830,1706752620,598063604.0,923119835.0,13.97,6,100.0,ce-rn
831,1706803793,896638996.0,937323351.0,8.34,6,100.0,ce-rn
832,1706828508,926317874.0,915888799.0,8.21,6,100.0,ce-rn
833,1706838767,859826000.0,915888799.0,7.86,6,100.0,ce-rn
834,1706876484,751302149.0,916875817.0,7.94,6,100.0,ce-rn
835,1706883024,821799171.0,916875817.0,8.75,6,100.0,ce-rn
836,1706909682,685664600.0,922015919.0,13.69,6,100.0,ce-rn
837,1706924886,672455050.0,915566652.0,12.94,6,100.0,ce-rn
838,1706946864,931399261.0,915566652.0,6.46,6,100.0,ce-rn
839,1706965736,816739276.0,903035457.0,7.89,6,100.0,ce-rn
840,1706971391,932076596.0,903035457.0,7.6,6,100.0,ce-rn
841,1707021766,877292557.0,916719126.0,5.36,6,100.0,pb-rn
842,1707046476,707910230.0,913553614.0,5.24,6,100.0,pb-rn
843,1707059330,913313933.0,917244699.0,9.74,6,100.0,ce-rn
844,1707073096,915305560.0,918132227.0,9.28,6,100.0,ce-rn
845,1707084736,868979465.0,918132227.0,10.69,6,100.0,ce-rn
846,1707177870,818677513.0,916935810.0,10.36,7,100.0,ce-rn
847,1707183379,614886780.0,916935810.0,10.02,6,100.0,ce-rn
848,1707217937,924633936.0,926002095.0,5.25,6,100.0,ce-rn
849,1707247935,881121496.0,922014213.0,7.13,7,100.0,ce-rn
850,1707254675,644772445.0,924845891.0,6.63,6,100.0,ce-rn
851,1707272484,830105231.0,924845891.0,6.13,6,100.0,ce-rn
852,1707338530,920807198.0,926209635.0,11.51,6,100.0,ce-rn
853,1705442823,877958549.0,926314076.0,6.27,5,100.0,ce-rn
854,1705450044,854010161.0,926314076.0,6.53,5,100.0,ce-rn
855,1705514938,860515658.0,927939419.0,5.82,6,100.0,ce-rn
856,1705544676,578246581.0,927939419.0,6.84,5,100.0,ce-rn
857,1705613320,842219443.0,927206758.0,8.28,5,100.0,ce-rn
858,1705666595,812640548.0,925738283.0,7.89,6,100.0,ce-rn
859,1705678603,662544865.0,925738283.0,8.57,5,100.0,ce-rn
860,1705708295,841744047.0,927626700.0,8.35,5,100.0,ce-rn
861,1706011845,856740909.0,926839338.0,8.28,6,100.0,ce-rn
862,1706064955,771789932.0,903801021.0,40.78,10,40.0,ba-pb
863,1706120601,891137927.0,926435517.0,7.06,5,100.0,ce-rn
864,1706138015,866469540.0,926435517.0,6.53,6,100.0,ce-rn
865,1706617145,879128184.0,924110075.0,6.5,5,100.0,ce-rn
866,1706729475,877654557.0,927312543.0,7.8,5,100.0,ce-rn
867,1706748309,877136455.0,927312543.0,8.11,5,100.0,ce-rn
868,1706774737,835614559.0,903508085.0,8.29,5,100.0,ce-rn
869,1706996319,696674939.0,927838875.0,9.49,5,100.0,ce-rn
870,1707002803,687659338.0,927838875.0,9.36,5,100.0,ce-rn
871,1707320976,522873285.0,925229116.0,8.57,5,100.0,ce-rn
872,1707416611,884804363.0,911102953.0,24.68,6,40.0,ba-pb
873,1707431974,684826149.0,911102953.0,25.15,5,40.0,ba-pb
874,1705430574,859939155.0,937330991.0,20.26,10,100.0,ce-rn
875,1705445606,688288211.0,923342831.0,22.3,9,100.0,ce-rn
876,1705532664,657354266.0,923164833.0,26.77,10,10.0,pa-ma
877,1705599503,718014354.0,925207980.0,18.25,10,100.0,ce-rn
878,1705612343,840645186.0,925207980.0,28.53,9,100.0,ce-rn
879,1705687906,825154019.0,829267324.0,20.0,9,100.0,ce-rn
880,1706088412,776579423.0,923011193.0,21.39,10,10.0,pa-ma
881,1706116104,439563674.0,908687783.0,11.66,9,100.0,ce-rn
882,1706129972,600758369.0,882169944.0,41.72,11,100.0,ce-rn
883,1706139921,649350292.0,882169944.0,22.85,9,100.0,ce-rn
884,1706182670,787954523.0,920756473.0,22.05,10,100.0,ce-rn
885,1706202675,608176056.0,922388548.0,22.43,10,100.0,ce-rn
886,1706216320,742077346.0,922388548.0,13.64,9,100.0,ce-rn
887,1706229148,544002017.0,867541132.0,17.54,9,100.0,ce-rn
888,1706253913,736311318.0,914988652.0,40.88,10,100.0,ce-rn
889,1706267516,592971625.0,914988652.0,39.91,11,100.0,ce-rn
890,1706594968,502793097.0,920574190.0,20.02,9,100.0,ce-rn
891,1706614100,564500154.0,920574190.0,20.37,10,100.0,ce-rn
892,1706629689,447481709.0,880909798.0,20.35,10,100.0,ce-rn
893,1706636831,443811034.0,880909798.0,23.06,9,100.0,ce-rn
894,1706650740,852127501.0,921386495.0,21.34,9,100.0,ce-rn
895,1706668430,712775452.0,921386495.0,20.31,10,100.0,ce-rn
896,1706708226,706007809.0,921695983.0,20.15,8,40.0,ba-pb
897,1706724433,761065204.0,920808487.0,22.28,9,100.0,ce-rn
898,1706746987,872048274.0,934604433.0,17.41,9,100.0,ce-rn
899,1706785866,866340118.0,906399789.0,16.35,10,100.0,ce-rn
900,1706797238,713190499.0,906399789.0,17.83,9,100.0,ce-rn
901,1706894838,697355817.0,881223446.0,22.01,10,10.0,pa-ma
902,1706925614,792827520.0,923326597.0,17.92,9,100.0,ce-rn
903,1706945874,682938197.0,923326597.0,19.95,9,100.0,ce-rn
904,1706957215,859257880.0,924376424.0,20.17,9,100.0,ce-rn
905,1706970796,775211771.0,924376424.0,7.99,9,100.0,ce-rn
906,1706984147,854589440.0,924376424.0,15.07,9,100.0,ce-rn
907,1706997928,858357463.0,923483099.0,31.71,29,100.0,ce-rn
908,1707004164,423570411.0,923483099.0,24.67,9,100.0,ce-rn
909,1707037631,895538929.0,923614511.0,22.5,9,100.0,ce-rn
910,1707043429,696274830.0,923614511.0,23.36,9,100.0,ce-rn
911,1707062904,697126323.0,923614511.0,21.01,9,100.0,ce-rn
912,1707091519,872468795.0,935855998.0,28.1,10,100.0,ce-rn
913,1707099251,708001630.0,935855998.0,24.92,10,100.0,ce-rn
914,1707129488,918714593.0,925158419.0,25.92,10,100.0,ce-rn
915,1707220915,878713322.0,924467497.0,20.68,9,100.0,ce-rn
916,1707238324,874801849.0,935122040.0,13.52,9,100.0,ce-rn
917,1707246930,853911281.0,935122040.0,20.71,10,10.0,pa-ma
918,1707256220,868538323.0,916770317.0,12.04,9,100.0,ce-rn
919,1707262572,868377432.0,916770317.0,13.87,9,100.0,ce-rn
920,1707301548,882690570.0,908505936.0,15.03,9,100.0,ce-rn
921,1707315942,769342519.0,921753958.0,16.67,9,100.0,ce-rn
922,1707323176,779225384.0,921753958.0,16.59,10,100.0,ce-rn
923,1707337071,778043430.0,916990853.0,19.41,9,100.0,ce-rn
924,1707343669,466984839.0,916990853.0,17.87,10,100.0,ce-rn
925,1707360585,763312654.0,924791464.0,13.37,9,100.0,ce-rn
926,1707416148,904186632.0,922297017.0,18.49,8,40.0,ba-pb
927,1707425432,719796398.0,924533249.0,31.12,10,10.0,pa-ma
928,1705697445,802055902.0,822722437.0,24.76,9,6.0,ac-ro
929,1705711833,543582776.0,861353358.0,32.21,9,6.0,ac-ro
930,1705937108,736310030.0,747375720.0,37.17,9,6.0,ac-ro
931,1706003300,501797776.0,872259384.0,42.93,9,6.0,ac-ro
932,1706008684,378170484.0,872259384.0,42.93,12,6.0,ac-ro
933,1706023492,382601042.0,872259384.0,49.04,12,6.0,ac-ro
934,1706047077,683567309.0,823500355.0,30.02,9,6.0,ac-ro
935,1706063283,221512543.0,823500355.0,46.56,10,6.0,ac-ro
936,1706115436,427398444.0,729490311.0,33.65,9,6.0,ac-ro
937,1706125774,360552118.0,729490311.0,35.17,10,6.0,ac-ro
938,1706183185,566810854.0,707317718.0,32.61,9,6.0,ac-ro
939,1706194644,694578583.0,707317718.0,31.82,9,6.0,ac-ro
940,1706236360,284374749.0,651952812.0,24.05,9,6.0,ac-ro
941,1706604041,759956861.0,891605643.0,28.76,9,6.0,ac-ro
942,1706622415,483581626.0,776051446.0,31.02,10,6.0,ac-ro
943,1706630575,423049319.0,701289452.0,31.62,10,6.0,ac-ro
944,1706643134,385247438.0,725564992.0,34.01,10,6.0,ac-ro
945,1706661413,434372629.0,717932506.0,29.4,11,6.0,ac-ro
946,1706666478,834299369.0,717932506.0,23.8,9,6.0,ac-ro
947,1706722329,710777881.0,714135969.0,33.32,9,6.0,ac-ro
948,1706744849,790001345.0,752488744.0,27.11,9,6.0,ac-ro
949,1706799637,724880951.0,749259943.0,38.27,9,6.0,ac-ro
950,1706811173,679321829.0,749259943.0,33.99,9,6.0,ac-ro
951,1706824501,610012443.0,864081169.0,20.41,10,6.0,ac-ro
952,1706871143,856423762.0,799907281.0,27.92,10,6.0,ac-ro
953,1706879403,589144016.0,799907281.0,27.18,10,6.0,ac-ro
954,1706917058,863504624.0,868591838.0,32.15,9,6.0,ac-ro
955,1706928980,884581101.0,898635428.0,31.87,9,6.0,ac-ro
956,1706975867,680003916.0,893075617.0,39.83,9,6.0,ac-ro
957,1706992982,914885396.0,910952358.0,28.56,9,6.0,ac-ro
958,1707006374,656618356.0,884685605.0,33.45,9,6.0,ac-ro
959,1707060715,898923484.0,920860041.0,30.58,9,6.0,ac-ro
960,1707076707,704803530.0,901410341.0,23.57,9,6.0,ac-ro
961,1707086760,527800703.0,901410341.0,49.49,10,6.0,ac-ro
962,1707097329,729652047.0,916509914.0,43.48,11,6.0,ac-ro
963,1707154242,810081358.0,705111158.0,18.38,10,6.0,ac-ro
964,1707170498,769131726.0,705111158.0,26.05,9,6.0,ac-ro
965,1707197677,663959053.0,920775837.0,31.04,11,6.0,ac-ro
966,1707219972,924665015.0,919446072.0,22.86,12,6.0,ac-ro
967,1707236474,582327933.0,755187795.0,23.71,11,6.0,ac-ro
968,1707251821,659189082.0,755187795.0,28.94,9,6.0,ac-ro
969,1707259511,845953196.0,755187795.0,22.01,10,6.0,ac-ro
970,1707302841,931872426.0,848683467.0,24.21,10,6.0,ac-ro
971,1707330155,783760129.0,696203914.0,25.07,10,6.0,ac-ro
972,1707340764,703543474.0,723466024.0,54.28,9,6.0,ac-ro
973,1707369719,936013659.0,899469167.0,34.27,11,6.0,ac-ro
974,1707396104,592761524.0,899469167.0,28.32,9,6.0,ac-ro
975,1707404159,604037339.0,625948444.0,22.77,9,6.0,ac-ro
976,1707415791,551081569.0,625948444.0,27.78,8,6.0,ac-ro
977,1707432757,809503221.0,821986822.0,37.26,10,6.0,ac-ro
